ds,yhat,yhat_lower,yhat_upper
1970-01-01 00:00:00.000043831,129354.22499999999,-48185.35499254438,307702.7361655861
1970-01-01 00:00:00.000043832,129564.64407534245,-43174.98674433978,306647.6358770005
1970-01-01 00:00:00.000043833,129775.06315068493,-44218.34642047458,304362.3274068103
1970-01-01 00:00:00.000043834,129985.4822260274,-59932.51642828518,310099.30399857886
1970-01-01 00:00:00.000043835,130195.90130136986,-41965.24770923927,312532.28414236754
1970-01-01 00:00:00.000043836,130406.32037671233,-38900.62663249104,315982.59664265485
1970-01-01 00:00:00.000043837,130616.7394520548,-45812.73496666276,310272.64503125136
1970-01-01 00:00:00.000043838,130827.15852739725,-41052.809246116456,299626.6243435154
1970-01-01 00:00:00.000043839,131037.57760273971,-53063.01860596239,302904.24136031035
1970-01-01 00:00:00.000043840,131247.99667808219,-52035.70362796811,300573.5538023557
1970-01-01 00:00:00.000043841,131458.41575342463,-39598.69100506135,302897.7031290688
1970-01-01 00:00:00.000043842,131668.8348287671,-46703.522157189924,330936.8349866076
1970-01-01 00:00:00.000043843,131879.2539041096,-46609.92148265819,320690.78702575463
1970-01-01 00:00:00.000043844,132089.67297945204,-58241.107222581784,293801.61344173923
1970-01-01 00:00:00.000043845,132300.0920547945,-43555.51903353582,325108.21917420917
1970-01-01 00:00:00.000043846,132510.511130137,-57488.84137326595,313214.40476088104
1970-01-01 00:00:00.000043847,132720.93020547944,-44166.09525075706,317912.06602410687
1970-01-01 00:00:00.000043848,132931.34928082192,-37609.70249905673,305473.8224547065
1970-01-01 00:00:00.000043849,133141.7683561644,-32802.84506843248,310973.8979862277
1970-01-01 00:00:00.000043850,133352.18743150684,-37529.5245450176,310917.8941226793
1970-01-01 00:00:00.000043851,133562.6065068493,-43504.23223763522,307215.29316201824
1970-01-01 00:00:00.000043852,133773.02558219177,-48205.06954341907,316994.8001426382
1970-01-01 00:00:00.000043853,133983.44465753424,-52968.77086976954,325149.5925209102
1970-01-01 00:00:00.000043854,134193.8637328767,-64258.49409012221,317133.7964880276
1970-01-01 00:00:00.000043855,134404.28280821917,-50402.20451408425,307032.98904021294
1970-01-01 00:00:00.000043856,134614.70188356165,-42142.31006362504,309884.28629800625
1970-01-01 00:00:00.000043857,134825.1209589041,-44452.72227383886,314106.795223853
1970-01-01 00:00:00.000043858,135035.54003424657,-46307.99746667347,311767.4199303389
1970-01-01 00:00:00.000043859,135245.95910958905,-44940.88076631789,332373.42992684885
1970-01-01 00:00:00.000043860,135456.3781849315,-40424.066123829965,309304.5620767301
1970-01-01 00:00:00.000043861,135666.79726027398,-27258.34170505411,325278.7956818608
1970-01-01 00:00:00.000043862,135877.21633561642,-32254.82206007134,318938.9141568479
1970-01-01 00:00:00.000043863,136087.63541095887,-59151.6748372519,320996.5171398771
1970-01-01 00:00:00.000043864,136298.05448630135,-47191.38165507793,314283.99439488386
1970-01-01 00:00:00.000043865,136508.47356164383,-43502.22759673653,320635.2036850374
1970-01-01 00:00:00.000043866,136718.89263698627,-46881.53124664443,327986.7317550278
1970-01-01 00:00:00.000043867,136929.31171232875,-46079.990042356534,313590.5023119476
1970-01-01 00:00:00.000043868,137139.73078767123,-37876.6540677279,317286.2413602569
1970-01-01 00:00:00.000043869,137350.14986301368,-44940.83157717801,315684.5062243494
1970-01-01 00:00:00.000043870,137560.56893835615,-46447.21998564159,330653.8284323695
1970-01-01 00:00:00.000043871,137770.98801369863,-47699.33557125579,313096.9920636689
1970-01-01 00:00:00.000043872,137981.40708904108,-33831.766322537966,310889.01951045083
1970-01-01 00:00:00.000043873,138191.82616438356,-44167.76114139365,320717.084104249
1970-01-01 00:00:00.000043874,138402.24523972603,-40354.561675795994,314798.1933277184
1970-01-01 00:00:00.000043875,138612.66431506848,-31787.08092723192,311361.8832777014
1970-01-01 00:00:00.000043876,138823.08339041093,-45116.07806863905,322952.53727618145
1970-01-01 00:00:00.000043877,139033.5024657534,-44929.68812047408,323998.1756291082
1970-01-01 00:00:00.000043878,139243.9215410959,-37408.2380479728,326712.63966221205
1970-01-01 00:00:00.000043879,139454.34061643833,-40871.10770436617,315961.6899861397
1970-01-01 00:00:00.000043880,139664.7596917808,-45543.26641829598,311664.8569840084
1970-01-01 00:00:00.000043881,139875.1787671233,-44318.44715049165,318933.7757361547
1970-01-01 00:00:00.000043882,140085.59784246574,-35040.898999298726,327610.7733262722
1970-01-01 00:00:00.000043883,140296.0169178082,-39210.593427525535,310039.0592992125
1970-01-01 00:00:00.000043884,140506.4359931507,-48339.87193815842,313878.3686822224
1970-01-01 00:00:00.000043885,140716.85506849314,-38853.47845952284,302831.467314926
1970-01-01 00:00:00.000043886,140927.27414383562,-33477.954402257914,326103.47544093325
1970-01-01 00:00:00.000043887,141137.6932191781,-36590.180112153,320243.3966104569
1970-01-01 00:00:00.000043888,141348.1122945205,-37600.03984550226,311885.3056910251
1970-01-01 00:00:00.000043889,141558.531369863,-50610.69804236463,317887.84188141115
1970-01-01 00:00:00.000043891,141979.36952054792,-40334.72597857866,331338.6925028661
1970-01-01 00:00:00.000043892,142189.7885958904,-46993.34488737205,337126.77227828593
1970-01-01 00:00:00.000043893,142400.20767123287,-34952.25297946313,324232.4307153773
1970-01-01 00:00:00.000043894,142610.62674657532,-40715.40841675202,313727.8049003861
1970-01-01 00:00:00.000043895,142821.0458219178,-38407.5435832939,308349.855818181
1970-01-01 00:00:00.000043896,143031.46489726027,-41025.483500877024,318549.5064307788
1970-01-01 00:00:00.000043897,143241.88397260272,-42102.7245199834,318314.19010493683
1970-01-01 00:00:00.000043898,143452.3030479452,-39891.515018820435,319782.87703785783
1970-01-01 00:00:00.000043899,143662.72212328768,-19577.473952154094,324125.00075581664
1970-01-01 00:00:00.000043900,143873.14098548857,-38390.89408099779,317410.52241211606
1970-01-01 00:00:00.000043901,144083.55984768947,-20976.400723513063,316935.93729290925
1970-01-01 00:00:00.000043902,144293.97870989036,-48058.917906310395,324138.0583569651
1970-01-01 00:00:00.000043903,144504.39757209123,-40749.403912186295,324395.54032727284
1970-01-01 00:00:00.000043904,144714.81643429212,-27748.91900356944,330785.8282802996
1970-01-01 00:00:00.000043905,144925.23529649302,-34441.34504555164,303482.170379238
1970-01-01 00:00:00.000043906,145135.6541586939,-22382.78425574512,327600.72799596796
1970-01-01 00:00:00.000043907,145346.0730208948,-27958.073431667264,337277.3100031871
1970-01-01 00:00:00.000043908,145556.4918830957,-33139.15548457667,326250.83201153233
1970-01-01 00:00:00.000043909,145766.91074529657,-38101.9076534793,332625.9798909635
1970-01-01 00:00:00.000043910,145977.32960749746,-32841.662961397786,318236.9120232681
1970-01-01 00:00:00.000043911,146187.74846969836,-37650.302818127646,316876.49478460004
1970-01-01 00:00:00.000043912,146398.16733189925,-29239.132767596726,335299.86663375515
1970-01-01 00:00:00.000043913,146608.58619410015,-32817.70975866098,310823.1432160132
1970-01-01 00:00:00.000043914,146819.00505630102,-21820.96628696287,326281.8931294283
1970-01-01 00:00:00.000043915,147029.4239185019,-23109.004198217048,332041.095224437
1970-01-01 00:00:00.000043916,147239.8427807028,-34621.16897109734,332865.9260061404
1970-01-01 00:00:00.000043917,147450.2616429037,-39018.63172100619,318996.8597258348
1970-01-01 00:00:00.000043918,147660.6805051046,-33216.607974338396,338803.72270771314
1970-01-01 00:00:00.000043919,147871.0993673055,-34572.78660612966,323756.00820416113
1970-01-01 00:00:00.000043920,148081.51822950636,-24727.841642585183,325713.7826422499
1970-01-01 00:00:00.000043921,148291.93709170725,-28966.083013964017,317817.2646324329
1970-01-01 00:00:00.000043922,148502.35595390815,-29959.467603820372,324040.3570061423
1970-01-01 00:00:00.000043923,148712.77481610904,-30557.9584394743,321293.87632134726
1970-01-01 00:00:00.000043924,148923.19367830994,-24165.06299440322,323391.4522064743
1970-01-01 00:00:00.000043925,149133.61254051083,-29528.295837690202,315954.32799988205
1970-01-01 00:00:00.000043926,149344.0314027117,-36347.31208484201,322801.9998213319
1970-01-01 00:00:00.000043927,149554.4502649126,-26179.046600551093,332700.8186562771
1970-01-01 00:00:00.000043928,149764.8691271135,-31270.590756951566,328627.807734159
1970-01-01 00:00:00.000043929,149975.28798931438,-28025.24639020947,334650.34674501687
1970-01-01 00:00:00.000043930,150185.70685151528,-26477.847956183046,329699.77782283054
1970-01-01 00:00:00.000043931,150396.12571371614,-38367.70884769338,334854.70347971685
1970-01-01 00:00:00.000043932,150606.54457591704,-28796.865554556116,333939.07519802445
1970-01-01 00:00:00.000043933,150816.96343811793,-16328.255947900074,326656.4773569615
1970-01-01 00:00:00.000043934,151027.38230031883,-38566.50262792452,336428.46310118557
1970-01-01 00:00:00.000043935,151237.80116251973,-30939.071341171588,329736.5284476935
1970-01-01 00:00:00.000043936,151448.2200247206,-15278.476017263767,326051.7098669578
1970-01-01 00:00:00.000043937,151658.6388869215,-38966.573527613466,326764.6133016651
1970-01-01 00:00:00.000043938,151869.05774912238,-35520.4499653479,334143.8703450322
1970-01-01 00:00:00.000043939,152079.47661132328,-15554.853150148856,323692.16320501233
1970-01-01 00:00:00.000043940,152289.89547352417,-23024.309510675434,333838.81023144344
1970-01-01 00:00:00.000043941,152500.31433572507,-33639.85354259442,351999.00688450393
1970-01-01 00:00:00.000043942,152710.73319792596,-21694.820608932492,331789.9501803854
1970-01-01 00:00:00.000043943,152921.15206012683,-32012.67955653015,324906.51438551117
1970-01-01 00:00:00.000043944,153131.57092232772,-34408.18523490451,318461.276702635
1970-01-01 00:00:00.000043945,153341.98978452862,-24155.454742651564,332452.768580807
1970-01-01 00:00:00.000043946,153552.4086467295,-34577.71926018649,318315.5627657157
1970-01-01 00:00:00.000043947,153762.8275089304,-23027.295459976758,344350.2984404048
1970-01-01 00:00:00.000043948,153973.2463711313,-13427.43135560984,335316.1117526897
1970-01-01 00:00:00.000043949,154183.6652333322,-37604.759964304765,336012.1622298163
1970-01-01 00:00:00.000043950,154394.0840955331,-20837.719111541726,331561.94303699053
1970-01-01 00:00:00.000043951,154604.502957734,-11625.548556335716,325544.13557798124
1970-01-01 00:00:00.000043952,154814.92181993485,-19852.856888454528,334360.3505598861
1970-01-01 00:00:00.000043953,155025.34068213575,-30421.647951248964,327781.10122011293
1970-01-01 00:00:00.000043954,155235.75954433664,-26024.9714589954,324990.28873035806
1970-01-01 00:00:00.000043955,155446.17840653754,-23128.972695788347,332839.66621096904
1970-01-01 00:00:00.000043956,155656.59726873843,-16332.754552288365,342343.7608130404
1970-01-01 00:00:00.000043957,155867.01613093933,-35165.242540843465,334197.10904631653
1970-01-01 00:00:00.000043958,156077.43499314022,-29341.295078904117,345160.23952143657
1970-01-01 00:00:00.000043959,156287.85385534112,-24891.237981100043,328528.40402644634
1970-01-01 00:00:00.000043960,156498.272717542,-18545.362803309967,329895.3201406586
1970-01-01 00:00:00.000043961,156708.69157974288,-22895.745062146354,328501.47732788045
1970-01-01 00:00:00.000043962,156919.11044194378,-15970.468387263212,332745.8976548846
1970-01-01 00:00:00.000043963,157129.52930414467,-32305.451604420352,328557.9886291803
1970-01-01 00:00:00.000043964,157339.94816634557,-26585.063844778382,324269.69214172516
1970-01-01 00:00:00.000043965,157550.36702854643,-21900.530265186106,339546.03880216717
1970-01-01 00:00:00.000043966,157760.78589074733,-21604.50002511481,323656.1551074378
1970-01-01 00:00:00.000043967,157971.20475294822,-13617.563415274944,338522.1190081978
1970-01-01 00:00:00.000043968,158181.62361514912,-12355.299873961296,335966.8202151206
1970-01-01 00:00:00.000043969,158392.04247735,-23237.37424711204,340555.27906831494
1970-01-01 00:00:00.000043970,158602.46133955088,-13193.909252537422,326307.4972666934
1970-01-01 00:00:00.000043971,158812.8802017518,-9623.782889967617,334845.22831737756
1970-01-01 00:00:00.000043972,159023.29906395267,-18900.708848489332,342830.2666155564
1970-01-01 00:00:00.000043973,159233.71792615356,-13862.109162117455,346853.8767406833
1970-01-01 00:00:00.000043974,159444.13678835446,-26062.01235732488,321160.87889046135
1970-01-01 00:00:00.000043975,159654.55565055535,-12992.80182499158,339829.961750506
1970-01-01 00:00:00.000043976,159864.97451275625,-20140.357627444962,339165.81408463174
1970-01-01 00:00:00.000043977,160075.39337495712,-25504.09186425792,340732.5341706601
1970-01-01 00:00:00.000043978,160285.812237158,-11295.747297265481,338499.2051021159
1970-01-01 00:00:00.000043979,160496.2310993589,-10989.32615116133,344905.4720715545
1970-01-01 00:00:00.000043980,160706.6499615598,-6318.868037473079,334939.4226353756
1970-01-01 00:00:00.000043981,160917.0688237607,-21851.645429334574,346506.52795806696
1970-01-01 00:00:00.000043982,160726.19186404377,-477.82200446370007,333496.7379247378
1970-01-01 00:00:00.000043983,160535.31490432683,-19250.098713662934,356518.1076152443
1970-01-01 00:00:00.000043984,160344.43794460993,-15561.825336509399,347424.46044509026
1970-01-01 00:00:00.000043985,160153.560984893,-19444.357723862868,346264.19790585025
1970-01-01 00:00:00.000043986,159962.6840251761,-27742.579039175747,340756.7481415559
1970-01-01 00:00:00.000043987,159771.80706545917,-10193.088470770577,335238.11676795455
1970-01-01 00:00:00.000043988,159580.93010574224,-10354.312053964031,334962.66224048025
1970-01-01 00:00:00.000043989,159390.05314602534,-16076.730358884746,326832.3083900086
1970-01-01 00:00:00.000043990,159199.17618630844,-12121.229730466228,342402.09985684464
1970-01-01 00:00:00.000043991,159008.2992265915,-21736.313771499335,338283.2038345142
1970-01-01 00:00:00.000043992,158817.42226687458,-20929.452885833874,354210.8597251542
1970-01-01 00:00:00.000043993,158626.54530715765,-24013.554449273415,347459.2176087125
1970-01-01 00:00:00.000043994,158435.66834744075,-11492.040301953915,337516.24681935797
1970-01-01 00:00:00.000043995,158244.79138772382,-8932.141032614945,338015.65698486136
1970-01-01 00:00:00.000043996,158053.91442800692,-27458.277062542584,330397.87929910247
1970-01-01 00:00:00.000043997,157863.03746829,-22123.19746768365,331092.20552258356
1970-01-01 00:00:00.000043998,157672.16050857308,-7596.097806432507,341661.553265405
1970-01-01 00:00:00.000043999,157481.28354885615,-22476.089176687346,339134.3406790237
1970-01-01 00:00:00.000044000,157290.40658913922,-15819.72752602636,336584.6173396136
1970-01-01 00:00:00.000044001,157099.52962942232,-15403.71386555202,337677.0855863686
1970-01-01 00:00:00.000044002,156908.6526697054,-25840.900144909952,334950.0110301309
1970-01-01 00:00:00.000044003,156717.7757099885,-27321.32689810327,340209.0757045739
1970-01-01 00:00:00.000044004,156526.89875027156,-25771.7057728405,336286.29253204085
1970-01-01 00:00:00.000044005,156336.02179055466,-27161.42396863679,331352.7071382762
1970-01-01 00:00:00.000044006,156145.14483083773,-25183.154465820473,329313.381340575
1970-01-01 00:00:00.000044007,155954.26787112083,-21454.009003003623,329173.3733963295
1970-01-01 00:00:00.000044008,155763.3909114039,-20520.73450690873,339095.2930418301
1970-01-01 00:00:00.000044009,155572.51395168697,-33498.66045265511,321312.451367722
1970-01-01 00:00:00.000044010,155381.63699197007,-34019.183418639564,324905.4061318197
1970-01-01 00:00:00.000044011,155190.76003225314,-17458.014909423175,341452.9407668233
1970-01-01 00:00:00.000044012,154999.88307253623,-28671.58146620962,325775.39485549193
1970-01-01 00:00:00.000044013,154809.0061128193,-22185.506952936437,337409.9735162893
1970-01-01 00:00:00.000044014,154618.1291531024,-14782.667980662734,333236.4943099433
1970-01-01 00:00:00.000044015,154427.25219338547,-21233.758846429308,335984.1364629767
1970-01-01 00:00:00.000044016,154236.37523366854,-22612.91805774702,333295.6069394438
1970-01-01 00:00:00.000044017,154045.49827395164,-25267.81304885745,328164.43503985135
1970-01-01 00:00:00.000044018,153854.6213142347,-17687.61026962573,354100.19034640875
1970-01-01 00:00:00.000044019,153663.7443545178,-18613.742546454287,332635.029862737
1970-01-01 00:00:00.000044020,153472.86739480088,-18458.48859185606,340574.0928345315
1970-01-01 00:00:00.000044021,153281.99043508398,-36651.383730487614,347507.05506444664
1970-01-01 00:00:00.000044022,153091.11347536705,-25911.597622110894,336517.4733960293
1970-01-01 00:00:00.000044023,152900.23651565015,-31387.24879126291,322138.36638424406
1970-01-01 00:00:00.000044024,152709.35955593322,-25046.48583675863,329108.6621614009
1970-01-01 00:00:00.000044025,152518.4825962163,-29312.153052185975,332003.4689710549
1970-01-01 00:00:00.000044026,152327.60563649936,-31326.05680931126,331405.04653874354
1970-01-01 00:00:00.000044027,152136.72867678246,-20253.050536990137,335123.850468052
1970-01-01 00:00:00.000044028,151945.85171706553,-20909.48693202673,333104.4492898986
1970-01-01 00:00:00.000044029,151754.97475734862,-29736.82398331038,330938.49813658535
1970-01-01 00:00:00.000044030,151564.09779763172,-29911.819953020244,327587.0220273179
1970-01-01 00:00:00.000044031,151373.2208379148,-23722.63744259856,330165.68494134257
1970-01-01 00:00:00.000044032,151182.34387819786,-23776.465936178614,329478.48620687396
1970-01-01 00:00:00.000044033,150991.46691848093,-23581.049982311062,334501.54163653037
1970-01-01 00:00:00.000044034,150800.58995876403,-23522.211270615622,340608.812864969
1970-01-01 00:00:00.000044035,150609.71299904713,-23510.017861499433,334607.7862909212
1970-01-01 00:00:00.000044036,150418.8360393302,-41525.056906831865,316693.02150815265
1970-01-01 00:00:00.000044037,150227.95907961327,-32219.85400320925,335899.7810289337
1970-01-01 00:00:00.000044038,150037.08211989637,-40494.84059959313,340320.68221648765
1970-01-01 00:00:00.000044039,149846.20516017944,-28875.083107753664,326870.6473844806
1970-01-01 00:00:00.000044040,149655.32820046254,-25057.12382339912,334508.68586442893
1970-01-01 00:00:00.000044041,149464.4512407456,-33535.37140156653,339731.4666084266
1970-01-01 00:00:00.000044042,149273.5742810287,-33310.20915726523,321841.3801652698
1970-01-01 00:00:00.000044043,149082.69732131177,-46902.01408246516,322852.90385645354
1970-01-01 00:00:00.000044044,148891.82036159484,-24155.565207305088,320940.32120694284
1970-01-01 00:00:00.000044045,148700.94340187794,-33805.02198539109,340484.14318442106
1970-01-01 00:00:00.000044046,148510.06644216104,-17693.79836690659,331641.3090304863
1970-01-01 00:00:00.000044047,148319.1894824441,-35208.66441514952,325853.1062806285
1970-01-01 00:00:00.000044048,148128.31252272718,-33145.593764671175,319492.53847414686
1970-01-01 00:00:00.000044049,147937.43556301025,-22303.54476110028,327385.88327581587
1970-01-01 00:00:00.000044050,147746.55860329335,-21320.236719000448,326492.4497096738
1970-01-01 00:00:00.000044051,147555.68164357645,-33477.43684529555,327346.44502220204
1970-01-01 00:00:00.000044052,147364.80468385952,-20496.08338236579,320102.7354247678
1970-01-01 00:00:00.000044053,147173.9277241426,-32804.54645508351,320835.53000070015
1970-01-01 00:00:00.000044054,146983.0507644257,-29445.985625153055,329002.396083453
1970-01-01 00:00:00.000044055,146792.17380470876,-41832.724291994455,321271.3707934597
1970-01-01 00:00:00.000044056,146601.29684499183,-28544.95476079199,321478.896141977
1970-01-01 00:00:00.000044057,146410.41988527493,-32662.63354915823,317107.9087085954
1970-01-01 00:00:00.000044058,146219.542925558,-26730.64197005346,315332.58293264225
1970-01-01 00:00:00.000044059,146028.6659658411,-19093.781581235147,340294.19669930503
1970-01-01 00:00:00.000044060,145837.78900612416,-25184.95523058565,325868.66985718877
1970-01-01 00:00:00.000044061,145646.91204640726,-40118.57000296118,326815.2782141614
1970-01-01 00:00:00.000044062,145456.03508669033,-20037.903810905183,318702.05424015963
1970-01-01 00:00:00.000044063,145265.15812697343,-31717.896753182275,314477.77724585787
1970-01-01 00:00:00.000044064,145074.2811672565,-40782.45877090821,339129.23407767084
1970-01-01 00:00:00.000044065,144883.40420753957,-23185.878756096954,331446.5767040342
1970-01-01 00:00:00.000044066,144692.52724782264,-38118.132598166325,328029.6952095746
1970-01-01 00:00:00.000044067,144501.65028810574,-29587.764930736656,328467.0468063487
1970-01-01 00:00:00.000044068,144310.77332838884,-28989.12380377088,333189.99755583936
1970-01-01 00:00:00.000044069,144119.89636867194,-27526.40523284312,335972.9080682605
1970-01-01 00:00:00.000044070,143929.019408955,-28386.447122392176,321051.7038950331
1970-01-01 00:00:00.000044071,143738.14244923808,-44388.87133798034,347926.9313286414
1970-01-01 00:00:00.000044072,143547.26548952115,-39281.57428574814,332084.18394594674
1970-01-01 00:00:00.000044073,143356.38852980424,-19746.55934071773,324533.69445640926
1970-01-01 00:00:00.000044074,143165.5115700873,-25349.972845160708,323879.4311838619
1970-01-01 00:00:00.000044075,142974.6346103704,-23034.93594966673,331700.2982739286
1970-01-01 00:00:00.000044076,142783.75765065348,-39058.07992527138,325178.136837564
1970-01-01 00:00:00.000044077,142334.08045121055,-25328.497358758796,318827.6343000797
1970-01-01 00:00:00.000044078,141884.4032517676,-35327.20203807478,308465.34857843915
1970-01-01 00:00:00.000044079,141434.72605232467,-52604.65721566467,315446.7480320792
1970-01-01 00:00:00.000044080,140985.04885288174,-42655.9551735954,324474.53235323436
1970-01-01 00:00:00.000044081,140535.37165343878,-38843.433452721554,335100.29799221293
1970-01-01 00:00:00.000044082,140085.69445399582,-39383.42381296914,321810.1375473554
1970-01-01 00:00:00.000044083,139636.0172545529,-42872.02509798013,319040.2040833322
1970-01-01 00:00:00.000044084,139186.34005510993,-23406.35645811957,313729.2413177736
1970-01-01 00:00:00.000044085,138736.66285566697,-35561.01291415561,324511.6059117879
1970-01-01 00:00:00.000044086,138286.98565622405,-37545.992468237964,315077.529458616
1970-01-01 00:00:00.000044087,137837.30845678112,-49996.934689687456,310392.8145653594
1970-01-01 00:00:00.000044088,137387.63125733816,-42052.725553815224,307814.82597823464
1970-01-01 00:00:00.000044089,136937.9540578952,-46766.11745568011,322248.8352222947
1970-01-01 00:00:00.000044090,136488.27685845227,-52394.238290164765,318354.38629781257
1970-01-01 00:00:00.000044091,136038.59965900934,-30623.968055905847,316234.39738243155
1970-01-01 00:00:00.000044092,135588.92245956638,-37786.06391498391,308677.3451904687
1970-01-01 00:00:00.000044093,135139.24526012343,-51003.49681824499,320352.81280587375
1970-01-01 00:00:00.000044094,134689.5680606805,-47552.89426480799,311952.81796587905
1970-01-01 00:00:00.000044095,134239.89086123754,-48954.72513970153,318295.26864155044
1970-01-01 00:00:00.000044096,133790.21366179458,-57677.42173769657,314471.5805749107
1970-01-01 00:00:00.000044097,133340.53646235165,-53442.078436267584,309619.0948557695
1970-01-01 00:00:00.000044098,132890.85926290872,-38766.25938777686,315859.1841652921
1970-01-01 00:00:00.000044099,132441.18206346576,-46748.6918475854,309493.8729913653
1970-01-01 00:00:00.000044100,131991.5048640228,-51841.03075338864,311851.87885919004
1970-01-01 00:00:00.000044101,131541.82766457988,-40842.42654920104,313830.1007917997
1970-01-01 00:00:00.000044102,131092.15046513695,-51875.72433685099,310774.5689076449
1970-01-01 00:00:00.000044103,130642.47326569396,-37332.91028948557,321186.9613837728
1970-01-01 00:00:00.000044104,130192.79606625102,-52930.378479900035,323632.4954133239
1970-01-01 00:00:00.000044105,129743.11886680809,-51112.634750506266,307678.96326873905
1970-01-01 00:00:00.000044106,129293.44166736514,-38107.09393041776,304135.2443934392
1970-01-01 00:00:00.000044107,128843.76446792218,-39544.89024123524,308387.6842584305
1970-01-01 00:00:00.000044108,128394.08726847924,-57953.113154898754,313390.3086065379
1970-01-01 00:00:00.000044109,127944.41006903631,-46359.75090694066,304789.49185799604
1970-01-01 00:00:00.000044110,127494.73286959337,-60072.23947416342,306451.24589584663
1970-01-01 00:00:00.000044111,127045.05567015041,-60767.256237714435,311639.2239236331
1970-01-01 00:00:00.000044112,126595.37847070747,-51136.121424198245,289865.41366838606
1970-01-01 00:00:00.000044113,126145.70127126452,-67555.49964482794,306775.6146072247
1970-01-01 00:00:00.000044114,125696.02407182156,-68124.15842867823,308943.1554987431
1970-01-01 00:00:00.000044121,122548.28367572097,-57151.06325428637,313581.74886737636
1970-01-01 00:00:00.000044122,122098.60647627802,-62269.332498390584,306481.26551269676
1970-01-01 00:00:00.000044123,121648.92927683507,-60327.62500144602,291662.16232448834
1970-01-01 00:00:00.000044124,121199.25207739211,-52284.81333181718,296058.82701613643
1970-01-01 00:00:00.000044125,120749.57487794917,-65203.43442129512,302541.3905935235
1970-01-01 00:00:00.000044126,120299.89767850623,-64334.37622041139,303087.1734290281
1970-01-01 00:00:00.000044127,119850.2204790633,-49759.587897744655,296997.2569761701
1970-01-01 00:00:00.000044128,119400.54327962034,-49989.01586252792,300373.2174407751
1970-01-01 00:00:00.000044129,118950.8660801774,-56699.08931679103,289448.23835684726
1970-01-01 00:00:00.000044130,118501.18888073445,-63128.88551811738,292859.7705828431
1970-01-01 00:00:00.000044131,118051.51168129152,-67982.76265734836,303859.51590337267
1970-01-01 00:00:00.000044132,117601.83448184855,-65136.19165581547,290058.0039353611
1970-01-01 00:00:00.000044133,117152.15728240559,-67646.68313091845,301284.7953480523
1970-01-01 00:00:00.000044134,116702.48008296268,-73068.51223853798,291468.7879406339
1970-01-01 00:00:00.000044135,116252.80288351972,-68399.34287266518,297603.17279014236
1970-01-01 00:00:00.000044136,115803.12568407677,-61341.54148757643,291436.41067346226
1970-01-01 00:00:00.000044137,115353.44848463385,-64229.87909049602,302418.5060466557
1970-01-01 00:00:00.000044138,114903.7712851909,-62765.29202420716,292605.4401243988
1970-01-01 00:00:00.000044139,114454.09408574794,-53716.94481310538,295520.7891483379
1970-01-01 00:00:00.000044140,114004.416886305,-62123.85903636722,286903.19714082184
1970-01-01 00:00:00.000044141,113554.73968686207,-65424.35672850019,305636.056100015
1970-01-01 00:00:00.000044142,113105.0624874191,-72500.26222474052,283812.02918886073
1970-01-01 00:00:00.000044143,112655.38528797615,-66851.32946727988,283824.21519860177
1970-01-01 00:00:00.000044144,112205.70808853323,-68114.24536488978,290804.92954816646
1970-01-01 00:00:00.000044145,111756.03088909027,-67069.57619171511,282331.4775609379
1970-01-01 00:00:00.000044146,111306.35368964732,-61364.10242017114,296267.75607472355
1970-01-01 00:00:00.000044147,110856.67649020438,-61353.857606362275,290968.0921453264
1970-01-01 00:00:00.000044148,110406.99929076145,-69974.50440326013,302066.2732604807
1970-01-01 00:00:00.000044149,109957.3220913185,-72175.46526970423,293830.17186878045
1970-01-01 00:00:00.000044150,109507.64489187555,-72895.68532325808,282054.06572359236
1970-01-01 00:00:00.000044151,109057.9676924326,-54999.14100127621,289026.7055179359
1970-01-01 00:00:00.000044152,108608.29049298965,-62603.36861041413,290601.7014173326
1970-01-01 00:00:00.000044153,108158.6132935467,-78879.49792629963,277540.4542153337
1970-01-01 00:00:00.000044154,107708.93609410376,-67047.01002883211,293958.2866017251
1970-01-01 00:00:00.000044155,107259.25889466083,-62146.52533474307,276852.5778636127
1970-01-01 00:00:00.000044156,106809.58169521787,-83944.24588150014,279195.8445482256
1970-01-01 00:00:00.000044157,106359.90449577493,-79617.09278744814,293922.51840818307
1970-01-01 00:00:00.000044158,105910.22729633198,-60151.03194400329,270195.0034552416
1970-01-01 00:00:00.000044159,105460.55009688906,-66909.94417658242,280550.17950204597
1970-01-01 00:00:00.000044160,105010.8728974461,-71950.96069733679,289444.4305126633
1970-01-01 00:00:00.000044161,104561.19569800315,-68053.61609365126,284237.5180298519
1970-01-01 00:00:00.000044162,104111.51849856021,-76503.0491093248,281950.3021080789
1970-01-01 00:00:00.000044163,103661.84129911725,-64755.21763114551,283279.4925429876
1970-01-01 00:00:00.000044164,103212.16409967431,-84192.59550794809,281643.6960425783
1970-01-01 00:00:00.000044165,102762.48690023135,-75650.99311198446,291671.637982359
1970-01-01 00:00:00.000044166,102312.80970078844,-66172.29110601135,276889.6392197457
1970-01-01 00:00:00.000044167,101863.13250134548,-84196.34979692954,287818.7917688615
1970-01-01 00:00:00.000044168,101413.45530190253,-83926.84362189543,266455.9197935073
1970-01-01 00:00:00.000044169,100963.77810245958,-81090.0513415374,292227.1990127805
1970-01-01 00:00:00.000044170,100514.10090301666,-80983.52595101089,280921.6461443954
1970-01-01 00:00:00.000044171,100064.4237035737,-79918.32723576199,281899.31164867425
1970-01-01 00:00:00.000044172,99614.74650413073,-90246.4042387295,279408.8909724351
1970-01-01 00:00:00.000044173,99165.0693046878,-89883.42313833977,269744.20835566707
1970-01-01 00:00:00.000044174,98715.39210524486,-67100.07153568501,272524.8113502645
1970-01-01 00:00:00.000044175,98265.71490580191,-83788.37517448391,284647.86845085345
1970-01-01 00:00:00.000044176,97816.03770635895,-77190.47593223708,270798.93806239683
1970-01-01 00:00:00.000044177,97366.36050691603,-80217.2715015255,287802.69436717505
1970-01-01 00:00:00.000044178,96916.68330747308,-94636.90360074333,269169.3062146846
1970-01-01 00:00:00.000044179,96467.00652776414,-80923.78324471666,276350.2749797904
1970-01-01 00:00:00.000044180,96017.32974805521,-88511.028563169,270077.8114990368
1970-01-01 00:00:00.000044181,95567.65296834627,-91169.62213682746,274342.1078896709
1970-01-01 00:00:00.000044182,95117.97618863732,-86204.08362082434,269527.2098143123
1970-01-01 00:00:00.000044183,94668.29940892837,-86238.06843618116,272648.87600252626
1970-01-01 00:00:00.000044184,94218.62262921943,-87187.13796437967,281305.2706504813
1970-01-01 00:00:00.000044185,93768.94584951049,-90417.47194326602,270670.92775519507
1970-01-01 00:00:00.000044186,93319.26906980156,-89105.78004033199,276091.20194315055
1970-01-01 00:00:00.000044187,92869.59229009265,-87834.1166384699,283778.936046468
1970-01-01 00:00:00.000044188,92419.91551038371,-76466.16692577057,277143.44168737734
1970-01-01 00:00:00.000044189,91970.23873067477,-85019.28059268018,282378.4648246189
1970-01-01 00:00:00.000044190,91520.56195096584,-78878.45797291602,269258.5940688882
1970-01-01 00:00:00.000044191,91070.8851712569,-95601.25985075685,270712.07684669533
1970-01-01 00:00:00.000044192,90621.20839154795,-79647.5616873971,269501.4475563317
1970-01-01 00:00:00.000044193,90171.531611839,-89598.10689644935,269594.56496627454
1970-01-01 00:00:00.000044194,89721.85483213006,-99937.30353805899,263910.0424044812
1970-01-01 00:00:00.000044195,89272.17805242112,-91922.47833027845,278121.2769966812
1970-01-01 00:00:00.000044196,88822.5012727122,-77223.84633724869,266617.144803718
1970-01-01 00:00:00.000044197,88372.82449300322,-80000.70551695325,261261.75471675533
1970-01-01 00:00:00.000044198,87923.14771329431,-86586.5532683524,275637.80243085563
1970-01-01 00:00:00.000044199,87473.47093358535,-85464.7077693083,248266.6892377147
1970-01-01 00:00:00.000044200,87023.79415387644,-88965.21652354063,262672.7627197361
1970-01-01 00:00:00.000044201,86574.11737416749,-110406.55815171456,268957.41690251685
1970-01-01 00:00:00.000044202,86124.44059445856,-103257.21473659524,260101.7488966814
1970-01-01 00:00:00.000044203,85674.7638147496,-85272.95656611305,275501.1428304129
1970-01-01 00:00:00.000044204,85225.08703504069,-86583.3748181355,259488.81017472176
1970-01-01 00:00:00.000044205,84775.41025533174,-91919.74015183192,267540.4834810131
1970-01-01 00:00:00.000044206,84325.7334756228,-89677.02471375618,264134.89378167904
1970-01-01 00:00:00.000044207,83876.05669591388,-92932.75146527166,262453.6820317717
1970-01-01 00:00:00.000044208,83426.37991620493,-89074.19292679103,264148.42027185735
1970-01-01 00:00:00.000044209,82976.73749661587,-80982.72337691356,261628.69010389163
1970-01-01 00:00:00.000044210,82527.09507702675,-90220.16498562196,274561.7070343165
1970-01-01 00:00:00.000044211,82077.45265743772,-87104.89459240554,259623.11953848557
1970-01-01 00:00:00.000044212,81627.81023784862,-100154.55805885243,267425.74513391516
1970-01-01 00:00:00.000044213,81178.16781825956,-93673.7525310909,256198.20615240667
1970-01-01 00:00:00.000044214,80728.52539867048,-97793.16388997762,258167.09613258365
1970-01-01 00:00:00.000044215,80278.88297908142,-105434.83274176679,266819.34929446626
1970-01-01 00:00:00.000044216,79829.24055949233,-115815.30765838343,256427.6935440726
1970-01-01 00:00:00.000044217,79379.59813990323,-92626.66051814385,256977.0222290409
1970-01-01 00:00:00.000044218,78929.95572031417,-97451.42097215235,256133.94226955267
1970-01-01 00:00:00.000044219,78480.31330072507,-104509.80150829394,251530.88399879282
1970-01-01 00:00:00.000044220,78044.9271071634,-104872.1873253681,257901.5897890911
1970-01-01 00:00:00.000044221,77609.5409136017,-103287.41655514964,272695.1830469681
1970-01-01 00:00:00.000044222,77174.15472004004,-95038.372404804,259316.34795249437
1970-01-01 00:00:00.000044223,76738.76852647835,-85022.1817812384,264070.02902392106
1970-01-01 00:00:00.000044224,76303.38233291669,-103800.33477659884,258539.11866528736
1970-01-01 00:00:00.000044225,75867.996139355,-89445.44402275959,253158.43700871296
1970-01-01 00:00:00.000044226,75432.6099457933,-92801.14619715544,255722.14935598697
1970-01-01 00:00:00.000044227,74997.22375223164,-108874.5054988184,252828.13095091656
1970-01-01 00:00:00.000044228,74561.83755866995,-111743.78166378864,254423.76571924397
1970-01-01 00:00:00.000044229,74126.4513651083,-105862.08871979297,260195.46124501905
1970-01-01 00:00:00.000044230,73691.06517154661,-120736.95565786766,254455.42280681347
1970-01-01 00:00:00.000044231,73255.67897798495,-102328.24961924014,259380.1096901172
1970-01-01 00:00:00.000044232,72820.29278442325,-108790.70401005738,258976.36923251275
1970-01-01 00:00:00.000044233,72384.90659086157,-96342.92729741972,243093.5979993969
1970-01-01 00:00:00.000044234,71949.5203972999,-108622.75872560183,256655.14114025474
1970-01-01 00:00:00.000044235,71514.13420373824,-97031.95307838278,234240.09950968507
1970-01-01 00:00:00.000044236,71164.0481505875,-111445.78225057798,245787.66614661433
1970-01-01 00:00:00.000044237,70813.96209743679,-110153.91758987111,234049.42366210464
1970-01-01 00:00:00.000044238,70463.87604428608,-122649.18829979985,257871.413008332
1970-01-01 00:00:00.000044239,70113.78999113533,-108134.60257108725,253827.14561665687
1970-01-01 00:00:00.000044240,69763.70393798462,-95236.55297344658,240251.4919376309
1970-01-01 00:00:00.000044241,69413.61788483389,-107527.89025504269,242459.2706812261
1970-01-01 00:00:00.000044242,69063.5318316832,-105327.15421915177,250011.2378459695
1970-01-01 00:00:00.000044243,68713.44577853246,-114195.53417582845,243138.86589930268
1970-01-01 00:00:00.000044244,68363.35972538176,-117942.77934596632,253034.6797528334
1970-01-01 00:00:00.000044245,68013.27367223104,-106478.95894803108,241333.62996155047
1970-01-01 00:00:00.000044246,67843.44672866935,-126806.62835443778,252809.22366422872
1970-01-01 00:00:00.000044247,67673.61978510769,-108892.7758268377,236809.73826223033
1970-01-01 00:00:00.000044248,67503.79284154599,-99033.52301472456,241464.2894652788
1970-01-01 00:00:00.000044249,67333.96589798432,-109686.62175165863,248842.47999289332
1970-01-01 00:00:00.000044250,67164.13895442264,-109734.51867017035,255286.20236107532
1970-01-01 00:00:00.000044251,66994.31201086097,-109066.5958758981,241691.80975468064
1970-01-01 00:00:00.000044252,66824.48506729929,-116596.79465217129,242142.777385656
1970-01-01 00:00:00.000044253,66654.65812373762,-93202.90385812179,238611.03677688583
1970-01-01 00:00:00.000044254,66484.83118017594,-114863.84833835498,245006.67701614817
1970-01-01 00:00:00.000044255,66315.00423661426,-98264.2507475753,257852.74461946482
1970-01-01 00:00:00.000044256,66145.17729305258,-124573.83994998799,246605.44940029917
1970-01-01 00:00:00.000044257,65975.3503494909,-108133.60773083768,244902.55482636183
1970-01-01 00:00:00.000044258,65805.52340592923,-111987.75294716342,236741.42844228924
1970-01-01 00:00:00.000044259,65635.69646236754,-110472.66126339571,247065.86960289706
1970-01-01 00:00:00.000044260,65465.86951880587,-110287.29675887198,249623.09036524047
1970-01-01 00:00:00.000044261,65296.042575244224,-108943.66504441085,244684.8091020301
1970-01-01 00:00:00.000044262,65368.744159079804,-109742.15655152201,239157.0747851173
1970-01-01 00:00:00.000044263,65441.445742915384,-120612.72479984738,225614.29957451235
1970-01-01 00:00:00.000044264,65514.14732675096,-106038.70509257478,250189.00631404473
1970-01-01 00:00:00.000044265,65586.84891058654,-108900.00615590817,252354.73433640873
1970-01-01 00:00:00.000044266,65659.55049442215,-105349.13390732606,260861.178653419
1970-01-01 00:00:00.000044267,65732.25207825772,-118608.61236420213,251835.07607558364
1970-01-01 00:00:00.000044268,65804.95366209329,-110335.50765400619,247438.43049424465
1970-01-01 00:00:00.000044269,65877.65524592888,-104044.39167221908,230711.4323677219
1970-01-01 00:00:00.000044270,65950.35682976447,-108707.4488534695,244238.14491811447
1970-01-01 00:00:00.000044271,66023.05841360005,-102700.02996114081,241133.7505147726
1970-01-01 00:00:00.000044272,66322.5558878466,-110901.21561046211,233831.77323378235
1970-01-01 00:00:00.000044273,66622.05336209312,-108711.83466623156,253754.67341728558
1970-01-01 00:00:00.000044274,66921.55083633968,-129142.94966164307,241547.05231997656
1970-01-01 00:00:00.000044275,67221.04831058624,-108459.5473580666,246654.08544826246
1970-01-01 00:00:00.000044276,67520.54578483276,-113743.02377760223,252696.09492587988
1970-01-01 00:00:00.000044277,67820.04325907932,-119853.87963354234,246795.81532402785
1970-01-01 00:00:00.000044278,68119.54073332583,-126662.18296978646,245768.4691059024
1970-01-01 00:00:00.000044279,68419.03820757239,-106370.67697958933,243581.5841861591
1970-01-01 00:00:00.000044280,68718.53568181893,-120768.4182895838,250485.4870476651
1970-01-01 00:00:00.000044281,69018.03315606547,-101615.1567816065,255497.98786320965
1970-01-01 00:00:00.000044282,69317.530630312,-108823.42810241246,250761.25686668296
1970-01-01 00:00:00.000044283,69617.02810455854,-95403.08443897762,250342.69848243133
1970-01-01 00:00:00.000044284,69916.52557880507,-101108.49549230305,245558.79650287848
1970-01-01 00:00:00.000044285,70216.02305305164,-113194.56303503497,240307.0090536602
1970-01-01 00:00:00.000044286,70515.52052729818,-114401.93765775052,253924.61676107778
1970-01-01 00:00:00.000044287,70815.01800154471,-109030.75082843949,250712.4851951247
1970-01-01 00:00:00.000044288,71114.51547579127,-119535.99780684758,242018.64466141807
1970-01-01 00:00:00.000044289,71414.01295003778,-97742.27610870024,251723.14006869434
1970-01-01 00:00:00.000044290,71713.51042428434,-111376.52684944533,241945.26887982755
1970-01-01 00:00:00.000044291,72013.01068923464,-104434.73629980837,255596.38788231276
1970-01-01 00:00:00.000044292,72312.51095418495,-91784.40997221706,264157.69768704125
1970-01-01 00:00:00.000044293,72612.01121913524,-96396.37182247001,252267.17870950865
1970-01-01 00:00:00.000044294,72911.51148408557,-105391.57174057355,255062.05495165457
1970-01-01 00:00:00.000044295,73211.01174903587,-122868.36148363067,248650.6720896791
1970-01-01 00:00:00.000044296,73510.51201398618,-107650.41714080772,267768.03690045263
1970-01-01 00:00:00.000044297,73810.0122789365,-111589.55690872506,241286.8961078902
1970-01-01 00:00:00.000044298,74109.5125438868,-102313.13611024158,257675.6939875752
1970-01-01 00:00:00.000044299,74409.01280883711,-104493.94234115383,254875.62551730275
1970-01-01 00:00:00.000044300,74708.51307378741,-98443.28144925094,263394.51205621165
1970-01-01 00:00:00.000044301,75008.0163927182,-97527.96331674865,251096.28661340693
1970-01-01 00:00:00.000044302,75307.51971164897,-98987.24672922627,260256.5302460524
1970-01-01 00:00:00.000044303,75607.02303057977,-102896.57124718525,250913.59647765584
1970-01-01 00:00:00.000044304,75906.52634951056,-103146.76240865805,250790.67705848807
1970-01-01 00:00:00.000044305,76206.02966844136,-102242.8480572825,265146.3023613928
1970-01-01 00:00:00.000044306,76505.53298737216,-90792.2533448216,252521.44996928153
1970-01-01 00:00:00.000044307,76805.03630630292,-118607.86284539025,248659.33497546523
1970-01-01 00:00:00.000044308,77104.53962523372,-85201.6411537075,248675.11457261365
1970-01-01 00:00:00.000044309,77404.0429441645,-114406.68239085322,257597.66267822817
1970-01-01 00:00:00.000044310,77703.5462630953,-99207.10838325863,251251.6993503473
1970-01-01 00:00:00.000044311,78003.04958202608,-104103.28555006796,261315.79242430386
1970-01-01 00:00:00.000044312,78302.55290095686,-101418.54092144319,260068.08153252222
1970-01-01 00:00:00.000044313,78602.05682606711,-100170.25671949312,267379.13983346627
1970-01-01 00:00:00.000044314,78901.56075117741,-99383.58900170369,265601.3888877216
1970-01-01 00:00:00.000044315,79201.0646762877,-93672.5949066574,261450.83798508873
1970-01-01 00:00:00.000044316,79500.56860139794,-105040.18930986091,252136.27141028916
1970-01-01 00:00:00.000044317,79800.07252650823,-98906.66933857997,248860.33385967583
1970-01-01 00:00:00.000044318,80099.5764516185,-103048.02451781588,258991.18733931813
1970-01-01 00:00:00.000044319,80399.08037672879,-94556.51280820796,245853.73988640567
1970-01-01 00:00:00.000044320,80698.58430183903,-91442.02839310869,250613.22915969495
1970-01-01 00:00:00.000044321,80998.08822694933,-106526.26411870036,264748.34204739454
1970-01-01 00:00:00.000044322,81297.59215205959,-100274.55605274656,254272.45783612857
1970-01-01 00:00:00.000044323,81597.09607716987,-79370.80847987735,251473.10565221566
1970-01-01 00:00:00.000044324,81896.60000228012,-88735.26605897801,253718.9888075029
1970-01-01 00:00:00.000044325,82196.10392739042,-102762.31042639785,248385.007414788
1970-01-01 00:00:00.000044326,82495.6078525007,-97741.66724299233,253476.97994561968
1970-01-01 00:00:00.000044327,82795.11177761097,-105922.55971693929,261145.72966943865
1970-01-01 00:00:00.000044328,83094.61593466492,-95943.6411748665,257916.75631169867
1970-01-01 00:00:00.000044329,83394.12009171885,-94452.2795147635,251977.26758197285
1970-01-01 00:00:00.000044330,83693.62424877279,-90698.12943563086,264807.8042194699
1970-01-01 00:00:00.000044331,83993.12840582673,-106593.5753394957,252368.58841705046
1970-01-01 00:00:00.000044332,84292.63256288067,-94237.7980050608,267505.33507429727
1970-01-01 00:00:00.000044333,84592.1367199346,-81059.39420093523,268795.28623295005
1970-01-01 00:00:00.000044334,84891.64087698855,-95998.97881354051,265487.7306340276
1970-01-01 00:00:00.000044335,85191.1450340425,-85273.18663094702,284165.47508441255
1970-01-01 00:00:00.000044336,85490.64919109641,-101404.43934183329,270075.9225481801
1970-01-01 00:00:00.000044337,85790.15286163543,-86726.34379653622,259080.33351971887
1970-01-01 00:00:00.000044338,86089.65653217441,-105839.4537236902,266229.9300772178
1970-01-01 00:00:00.000044339,86389.16020271342,-98195.54345715884,257880.65034112468
1970-01-01 00:00:00.000044340,86688.66387325242,-100109.7251200416,263548.6734113008
1970-01-01 00:00:00.000044341,86988.16754379144,-92646.26243183353,269221.64214335167
1970-01-01 00:00:00.000044342,87287.67121433043,-90663.30698408152,263834.0683133135
1970-01-01 00:00:00.000044343,87587.17488486946,-107331.49067438686,270135.4695091261
1970-01-01 00:00:00.000044344,87886.67855540846,-97462.24761726476,261414.25300504555
1970-01-01 00:00:00.000044345,88186.18222594746,-80761.44205347964,262791.1305352767
1970-01-01 00:00:00.000044346,88485.68589648648,-95666.82394917801,268471.06572085706
1970-01-01 00:00:00.000044347,88785.18956702547,-90808.98662234916,262731.9333680501
1970-01-01 00:00:00.000044348,89084.6932375645,-86989.8008559394,260684.254350506
1970-01-01 00:00:00.000044349,89384.19690810349,-87191.2898254407,273559.4047378954
1970-01-01 00:00:00.000044350,89683.7005786425,-80319.96818682653,280824.5562135444
1970-01-01 00:00:00.000044351,89983.2042491815,-77693.44639648592,266362.8825367018
1970-01-01 00:00:00.000044352,90282.70791972052,-86039.14810760423,260118.28619429434
1970-01-01 00:00:00.000044353,90582.21159025951,-84940.65346293351,260910.58668633987
1970-01-01 00:00:00.000044354,90881.71526079853,-75419.64643927097,265450.7032503877
1970-01-01 00:00:00.000044355,91181.21893133754,-90704.14102717405,269950.5362964875
1970-01-01 00:00:00.000044356,91480.72260187654,-89768.5857080812,276865.9658215569
1970-01-01 00:00:00.000044357,91780.22236347516,-99387.22141232748,264895.3137396187
1970-01-01 00:00:00.000044358,92079.72212507373,-81813.46188973096,278460.11126624566
1970-01-01 00:00:00.000044359,92379.22188667234,-89391.48997435064,272477.0929489452
1970-01-01 00:00:00.000044360,92678.72164827093,-79994.15093841989,268181.75923318
1970-01-01 00:00:00.000044361,92978.22140986954,-73251.62050329425,270535.36308268324
1970-01-01 00:00:00.000044362,93277.7211714681,-85193.49898105826,259892.50919108617
1970-01-01 00:00:00.000044363,93577.22093306672,-95184.54743317222,263042.27771743987
1970-01-01 00:00:00.000044364,93876.72069466533,-85170.47970403089,278556.5227706908
1970-01-01 00:00:00.000044365,94176.22045626391,-74943.90259319055,284386.48107559205
1970-01-01 00:00:00.000044366,94475.7202178625,-78687.25680273658,277717.949946111
1970-01-01 00:00:00.000044367,94750.9289280912,-78839.19753929542,289443.9459108712
1970-01-01 00:00:00.000044368,95026.13763831997,-88907.81061744741,274946.3766376576
1970-01-01 00:00:00.000044369,95301.34634854867,-84104.07024339802,275252.2049655303
1970-01-01 00:00:00.000044370,95576.55505877742,-73235.77150990967,279951.7610469856
1970-01-01 00:00:00.000044371,95851.76376900615,-93936.73328883585,260902.59575132842
1970-01-01 00:00:00.000044372,96126.97247923489,-73942.8712068068,274828.98430707504
1970-01-01 00:00:00.000044373,96402.1811894636,-96825.57100807343,283846.8074920988
1970-01-01 00:00:00.000044374,96677.38989969234,-87849.53599510204,279189.8475680263
1970-01-01 00:00:00.000044375,96952.59860992109,-78669.90496845357,278710.248801617
1970-01-01 00:00:00.000044376,97227.80732014982,-70358.06470927532,277292.47533253697
1970-01-01 00:00:00.000044377,97503.01603037855,-78876.7206194127,271067.5431383726
1970-01-01 00:00:00.000044378,97778.22474060729,-76807.40588968154,281553.10625054786
1970-01-01 00:00:00.000044379,98053.433450836,-82426.8682952652,261060.24157497496
1970-01-01 00:00:00.000044380,98328.64216106474,-80009.80801161783,291866.74698817206
1970-01-01 00:00:00.000044381,98603.85087129347,-90447.6446955946,263871.9214096823
1970-01-01 00:00:00.000044382,98879.0595815222,-80223.84896580158,280835.28724716534
1970-01-01 00:00:00.000044383,99154.26829175098,-67761.46131781302,279634.621495923
1970-01-01 00:00:00.000044384,99216.55693348657,-78723.95948565169,280495.61571324995
1970-01-01 00:00:00.000044385,99278.84557522213,-76821.4093043677,296747.5030262281
1970-01-01 00:00:00.000044386,99341.13421695773,-72228.93866476676,273188.7855087225
1970-01-01 00:00:00.000044387,99403.4228586933,-80372.82111107094,290700.8126980585
1970-01-01 00:00:00.000044388,99465.71150042888,-73653.42958420925,273636.6746049403
1970-01-01 00:00:00.000044389,99528.00014216447,-89472.12520983221,294621.4914360135
1970-01-01 00:00:00.000044390,99590.28878390005,-84687.47828212052,279862.8195790352
1970-01-01 00:00:00.000044391,99652.57742563562,-92203.65907660461,259467.81916844932
1970-01-01 00:00:00.000044392,99714.86606737121,-70173.67787955099,269034.3164902926
1970-01-01 00:00:00.000044393,99777.15470910673,-75333.42241396214,275998.8767051337
1970-01-01 00:00:00.000044394,99632.42598782861,-85104.22151712081,272329.11958316714
1970-01-01 00:00:00.000044395,99487.69726655049,-81267.15444695632,274884.35421593016
1970-01-01 00:00:00.000044396,99342.96854527238,-77658.95615872231,271134.78762254
1970-01-01 00:00:00.000044397,99198.23982399426,-67751.24290508224,270894.32132232207
1970-01-01 00:00:00.000044398,99053.51110271615,-87770.91822181578,290508.8735382795
1970-01-01 00:00:00.000044399,98908.78238143802,-86068.09193019246,265615.2497202063
1970-01-01 00:00:00.000044400,98764.05366015992,-85294.67667850983,282116.3717273558
1970-01-01 00:00:00.000044401,98619.3249388818,-81882.18280507531,267940.4523602217
1970-01-01 00:00:00.000044402,98474.59621760368,-88727.15069966303,282827.76543956506
1970-01-01 00:00:00.000044403,98329.86749632556,-70323.78056718271,269707.9665228426
1970-01-01 00:00:00.000044404,98185.13877504744,-70795.08229278788,279604.1867344081
1970-01-01 00:00:00.000044405,98040.41005376933,-74679.61471629399,283150.3800310533
1970-01-01 00:00:00.000044406,97895.68133249121,-64148.06009928825,289697.6584290235
1970-01-01 00:00:00.000044407,97750.9526112131,-80597.34637981374,287556.9606853226
1970-01-01 00:00:00.000044408,97606.22388993498,-76639.47935312378,281261.96341632475
1970-01-01 00:00:00.000044409,97461.49516865687,-91687.54146613313,269560.6429760426
1970-01-01 00:00:00.000044410,97316.76644737874,-86508.14098039044,275789.0104721123
1970-01-01 00:00:00.000044411,97172.03772610064,-95417.61309015425,271156.0111780144
1970-01-01 00:00:00.000044412,97027.30900482256,-82787.00440458894,283659.3645699046
1970-01-01 00:00:00.000044413,96882.58017094957,-90641.16777107705,264391.7589226588
1970-01-01 00:00:00.000044414,96737.85133707659,-75313.10481222197,279675.87244816474
1970-01-01 00:00:00.000044415,96593.1225032036,-86437.27362510923,272699.8314758772
1970-01-01 00:00:00.000044416,96448.39366933062,-89660.87812933623,266920.79442516185
1970-01-01 00:00:00.000044417,96303.66483545763,-85018.6736061886,284915.79887364357
1970-01-01 00:00:00.000044418,96158.93600158465,-92476.76572779084,280831.3559186484
1970-01-01 00:00:00.000044419,96014.20716771166,-83017.85135233637,262620.1473751068
1970-01-01 00:00:00.000044420,95869.47833383868,-91776.80467753648,276205.4974300472
1970-01-01 00:00:00.000044421,95724.74949996568,-87534.85524719016,282742.9914105505
1970-01-01 00:00:00.000044422,95580.0206660927,-88922.81232858112,278923.1160562548
1970-01-01 00:00:00.000044423,95435.29183221971,-79726.02768729544,265800.077130022
1970-01-01 00:00:00.000044424,95290.56360608693,-84532.74022235422,279888.07718846254
1970-01-01 00:00:00.000044425,95145.83537995415,-88921.96497547852,253739.48883084877
1970-01-01 00:00:00.000044426,95001.10715382136,-87760.85889236881,274213.44576507603
1970-01-01 00:00:00.000044427,94856.3789276886,-83833.50993243617,284552.5710259383
1970-01-01 00:00:00.000044428,94711.6507015558,-90511.88822620615,276471.3576252349
1970-01-01 00:00:00.000044429,94566.92247542302,-86674.4147238746,260965.48464466227
1970-01-01 00:00:00.000044430,94422.19424929025,-78452.30257122357,283044.21953864413
1970-01-01 00:00:00.000044431,94277.46602315747,-80878.15820539312,267417.5916001375
1970-01-01 00:00:00.000044432,94132.73779702467,-86748.02619278077,262587.7630389445
1970-01-01 00:00:00.000044433,93988.0095708919,-85643.38212463206,265940.6987518067
1970-01-01 00:00:00.000044434,93843.28134475912,-81789.43099991177,267622.3610607335
1970-01-01 00:00:00.000044435,93698.55322258627,-86009.38287613112,266299.14287330426
1970-01-01 00:00:00.000044436,93553.82510041344,-99097.09816022874,263749.6964430352
1970-01-01 00:00:00.000044437,93409.0969782406,-89200.31868275767,274901.008924719
1970-01-01 00:00:00.000044438,93264.36885606778,-96981.29577179653,267552.1996907341
1970-01-01 00:00:00.000044439,93119.64073389494,-103017.15735938639,280955.42726931896
1970-01-01 00:00:00.000044440,92974.9126117221,-84031.09158654122,280297.8938438554
1970-01-01 00:00:00.000044441,92830.18448954925,-97823.97047284782,255655.0956870823
1970-01-01 00:00:00.000044442,92685.45636737644,-92303.66201624178,274199.4108663302
1970-01-01 00:00:00.000044443,92540.7282452036,-96305.96483001282,269797.9359135566
1970-01-01 00:00:00.000044444,92396.00012303075,-84482.01521828992,273872.8251016192
1970-01-01 00:00:00.000044445,92251.27200085792,-78833.82827786074,279491.0736297758
1970-01-01 00:00:00.000044446,92106.54387868509,-80752.79359519879,268369.6989393066
1970-01-01 00:00:00.000044447,91961.81575651225,-98875.73641626001,271186.2938532511
1970-01-01 00:00:00.000044448,91817.08763433942,-86974.90995148028,267709.09595027124
1970-01-01 00:00:00.000044449,91672.35951216659,-80995.18767308941,279507.29888368776
1970-01-01 00:00:00.000044450,91527.63138999374,-84914.4885906322,272783.75448781543
1970-01-01 00:00:00.000044451,91382.90557635171,-93969.27918443277,271256.3621091628
1970-01-01 00:00:00.000044452,91238.1797627097,-81840.87890939685,280969.996729245
1970-01-01 00:00:00.000044453,91093.45394906768,-100649.8358219081,262657.3185745676
1970-01-01 00:00:00.000044454,90948.72813542568,-68926.27982018542,267693.6350898917
1970-01-01 00:00:00.000044455,90804.00232178366,-81501.36239167857,263606.80167083396
1970-01-01 00:00:00.000044456,90659.27650814164,-89547.54667091611,275646.2206329818
1970-01-01 00:00:00.000044457,90514.55069449963,-79242.39074136113,271020.9145626701
1970-01-01 00:00:00.000044458,90369.82488085763,-108661.70446284958,281214.0367798689
1970-01-01 00:00:00.000044459,90225.09906721563,-83239.27673292505,285532.8872538452
1970-01-01 00:00:00.000044460,90094.51850014897,-93019.35520741498,268056.8141546123
1970-01-01 00:00:00.000044461,89963.93793308228,-92897.11416543237,262821.3670526985
1970-01-01 00:00:00.000044462,89833.35736601563,-81687.75306336797,276351.98182058166
1970-01-01 00:00:00.000044463,89702.77679894895,-84430.19019137385,269578.97216960293
1970-01-01 00:00:00.000044464,89572.19623188226,-87295.49330710119,269804.37272480986
1970-01-01 00:00:00.000044465,89441.6156648156,-87839.63823305965,259355.9663964503
1970-01-01 00:00:00.000044466,89311.03509774893,-93807.58613772469,278431.333869861
1970-01-01 00:00:00.000044467,89180.45453068227,-86099.00088841924,267069.5176248727
1970-01-01 00:00:00.000044468,89049.8739636156,-87062.66998649549,270089.9809441177
1970-01-01 00:00:00.000044469,88919.29339654892,-76087.67700217907,259713.0075582606
1970-01-01 00:00:00.000044470,88788.71282948225,-97046.32450907773,278201.74323366646
1970-01-01 00:00:00.000044471,88658.13226241557,-88095.19577502995,259000.32795258012
1970-01-01 00:00:00.000044472,88527.5516953489,-78271.22905683595,282841.33445385046
1970-01-01 00:00:00.000044473,88396.97112828222,-89257.75191490044,255314.79713323608
1970-01-01 00:00:00.000044474,88266.39056121556,-89044.30359208341,265957.80060848186
1970-01-01 00:00:00.000044475,88135.80999414889,-93138.76216754923,286320.08159099065
1970-01-01 00:00:00.000044476,88005.22942708222,-89939.66294547045,260504.2940147217
1970-01-01 00:00:00.000044477,87874.64886001554,-88657.84578675605,264713.7882875144
1970-01-01 00:00:00.000044478,88031.24966281188,-86657.72103836897,260566.46900462545
1970-01-01 00:00:00.000044479,88187.85046560824,-106901.27132897715,259948.11776130626
1970-01-01 00:00:00.000044480,88344.45126840458,-85366.10880404372,272099.01061469427
1970-01-01 00:00:00.000044481,88501.05207120092,-93690.94588815527,261152.41359042277
1970-01-01 00:00:00.000044482,88657.65287399724,-86732.98429967852,255325.9374500312
1970-01-01 00:00:00.000044483,88814.2536767936,-97956.18201447415,281789.11453817313
1970-01-01 00:00:00.000044484,88970.85447958995,-87775.8634247712,262060.50361409623
1970-01-01 00:00:00.000044485,89127.45528238629,-90437.28888929279,262643.31060503016
1970-01-01 00:00:00.000044486,89284.05608518263,-76231.76409363608,266915.5848269039
1970-01-01 00:00:00.000044487,89440.65688797897,-91723.99067354815,269211.75058841985
1970-01-01 00:00:00.000044488,89597.25769077531,-92994.78762495256,270320.0343547605
1970-01-01 00:00:00.000044489,89753.85849357165,-91504.43615497625,269426.6183968347
1970-01-01 00:00:00.000044490,89910.459296368,-104475.81408425933,267244.4867948292
1970-01-01 00:00:00.000044491,90067.06009916434,-97159.97412415854,278300.0816850965
1970-01-01 00:00:00.000044492,90223.66090196067,-86297.32132034219,264890.9161249019
1970-01-01 00:00:00.000044493,90380.26170475704,-93060.3104190107,265558.2117553948
1970-01-01 00:00:00.000044494,90536.86250755338,-81484.21947791321,264384.06286315736
1970-01-01 00:00:00.000044495,90693.46331034972,-79111.0447288066,284107.9517029202
1970-01-01 00:00:00.000044496,90850.06411314606,-92441.20604016149,271626.8997751225
1970-01-01 00:00:00.000044497,91006.66491594238,-93736.46790064596,263870.7996295956
1970-01-01 00:00:00.000044498,91163.26571873872,-97163.35635062087,268387.5779032723
1970-01-01 00:00:00.000044499,91319.86652153509,-83570.2580132624,276310.22712395474
1970-01-01 00:00:00.000044500,91476.46732433143,-93142.74372369016,263883.6271012311
1970-01-01 00:00:00.000044501,91633.06812712777,-96002.80094015734,267492.179367019
1970-01-01 00:00:00.000044502,91789.6689299241,-92872.8892240007,268476.9148696203
1970-01-01 00:00:00.000044503,91946.26973272044,-100503.18662289953,262385.46924431785
1970-01-01 00:00:00.000044504,92102.8705355168,-95131.92195383226,264317.99267560756
1970-01-01 00:00:00.000044505,92259.47133831315,-83831.50724253572,270314.5317603057
1970-01-01 00:00:00.000044506,92416.07214110949,-93726.55592917852,261088.71934768924
1970-01-01 00:00:00.000044507,92572.67294390581,-79859.37801479238,276195.9490066283
1970-01-01 00:00:00.000044508,92729.27374670215,-86944.28671094622,285187.43889637984
1970-01-01 00:00:00.000044509,92885.87454949849,-87551.81322106603,271542.30011161783
1970-01-01 00:00:00.000044510,93042.47535229486,-80148.36412979127,287211.9992501664
1970-01-01 00:00:00.000044511,93199.0761550912,-98906.6427028214,273595.2036150952
1970-01-01 00:00:00.000044512,93355.67695788752,-77639.68619015392,266674.8658146545
1970-01-01 00:00:00.000044513,93512.27776068386,-77590.67982779001,273206.755326315
1970-01-01 00:00:00.000044514,93668.8785634802,-77363.7072778163,275464.02690714324
1970-01-01 00:00:00.000044515,93825.47936627657,-87413.83514421456,262044.86427975394
1970-01-01 00:00:00.000044516,93982.08016907291,-84177.92438952191,274314.87533485907
1970-01-01 00:00:00.000044517,94138.68097186925,-88900.5025303931,272586.4069926792
1970-01-01 00:00:00.000044518,94295.28177466558,-79791.04622406802,264720.7465233799
1970-01-01 00:00:00.000044519,94451.88257746192,-85633.92662076784,266858.79952175345
1970-01-01 00:00:00.000044520,94608.48338025826,-87676.27497064263,271539.74588892685
1970-01-01 00:00:00.000044521,94765.08418305463,-84132.75050226299,271408.95705575246
1970-01-01 00:00:00.000044522,94921.68498585097,-86166.68674089205,267026.75781602255
1970-01-01 00:00:00.000044523,95078.28578864729,-78729.69245029391,276621.11409215216
1970-01-01 00:00:00.000044524,95234.88659144363,-86772.89042397651,282775.04525323515
1970-01-01 00:00:00.000044525,95391.48739423997,-76733.10625372386,271967.79636574804
1970-01-01 00:00:00.000044526,95548.08819703634,-81038.1927032484,288024.99621714104
1970-01-01 00:00:00.000044527,95704.68899983268,-78789.6436266417,266677.2195072686
1970-01-01 00:00:00.000044528,95861.289802629,-86518.90595742437,264631.1331378751
1970-01-01 00:00:00.000044529,96017.89060542535,-83554.83561072568,289292.6959793164
1970-01-01 00:00:00.000044530,96174.49140822169,-93055.49914962891,274923.9440480824
1970-01-01 00:00:00.000044531,96331.09221101803,-84339.28990867193,270602.1529586473
1970-01-01 00:00:00.000044532,96487.6930138144,-96153.38712317846,275798.6426048664
1970-01-01 00:00:00.000044533,96644.29381661072,-87280.982734195,276054.3087880038
1970-01-01 00:00:00.000044534,96800.89461940706,-78760.91599690371,275993.34012399236
1970-01-01 00:00:00.000044535,96957.4954222034,-84220.27382348944,267262.49732544104
1970-01-01 00:00:00.000044536,97114.09622499974,-80153.12391456105,273253.37046904274
1970-01-01 00:00:00.000044537,97270.69702779611,-88367.17524918953,272268.33833128127
1970-01-01 00:00:00.000044538,97427.29783059243,-82264.95604609346,259458.35643641764
1970-01-01 00:00:00.000044539,97583.89863338877,-84828.67565642085,269874.0037934588
1970-01-01 00:00:00.000044540,97740.49943618511,-89274.93106834011,277554.0942137513
1970-01-01 00:00:00.000044541,97897.10023898145,-79774.56841406738,286724.2036709485
1970-01-01 00:00:00.000044542,98053.70104177782,-77665.03756233511,282420.57580563397
1970-01-01 00:00:00.000044543,98210.30184457415,-80484.57457181046,270144.2444920811
1970-01-01 00:00:00.000044544,98366.90264737049,-69530.93664840612,282316.1936071047
1970-01-01 00:00:00.000044545,98523.50345016683,-77470.64069747365,270935.2748538291
1970-01-01 00:00:00.000044546,98680.10425296317,-92311.4741793196,272644.43773815274
1970-01-01 00:00:00.000044547,98836.7050557595,-91481.13612984799,278832.5149449676
1970-01-01 00:00:00.000044548,98993.30585855586,-74401.2564543336,286754.95203062665
1970-01-01 00:00:00.000044549,99149.9066613522,-68583.69721153926,289921.1719500722
1970-01-01 00:00:00.000044550,99306.50746414854,-90165.66912925079,270303.53283087513
1970-01-01 00:00:00.000044551,99463.10826694488,-75437.07038173535,270579.8556921964
1970-01-01 00:00:00.000044552,99619.70906974122,-85822.88419514376,273193.1460263749
1970-01-01 00:00:00.000044553,99776.30987253759,-70504.164887209,277496.1774514674
1970-01-01 00:00:00.000044554,99932.91067533391,-103261.83436682889,268535.47055383096
1970-01-01 00:00:00.000044555,100089.51147813025,-87906.08737590097,265815.13541719434
1970-01-01 00:00:00.000044556,100246.1122809266,-68713.64396952944,287593.9205087658
1970-01-01 00:00:00.000044557,100402.71308372293,-75269.41615726573,286009.69997943466
1970-01-01 00:00:00.000044558,100559.31388651927,-82462.39167337831,269304.45874474413
1970-01-01 00:00:00.000044559,100715.91468931563,-84286.19707878643,279524.92555269256
1970-01-01 00:00:00.000044560,100872.51549211197,-76095.13920304648,275178.8996158949
1970-01-01 00:00:00.000044561,101029.11629490831,-94885.34852122146,267736.75087796885
1970-01-02 00:00:00.000044561,1.3530309361705016e+16,7762908166571735.0,1.9537034440698524e+16
1970-01-03 00:00:00.000044561,2.7060618723309e+16,8669183649002865.0,4.684732112371572e+16
1970-01-04 00:00:00.000044561,4.059092808491299e+16,4513482238729391.0,7.951492759793894e+16
1970-01-05 00:00:00.000044561,5.412123744651698e+16,-4663476598745856.0,1.1431820593993912e+17
1970-01-06 00:00:00.000044561,6.765154680812096e+16,-1.6706634841780606e+16,1.517066301630279e+17
1970-01-07 00:00:00.000044561,8.118185616972494e+16,-3.0543555006591896e+16,1.9346363567818586e+17
1970-01-08 00:00:00.000044561,9.471216553132893e+16,-4.77472601776572e+16,2.3836261682990003e+17
1970-01-09 00:00:00.000044561,1.0824247489293291e+17,-6.690512213693689e+16,2.8264847997018122e+17
1970-01-10 00:00:00.000044561,1.2177278425453691e+17,-8.987753079348581e+16,3.337908331704121e+17
1970-01-11 00:00:00.000044561,1.3530309361614088e+17,-1.1231346505925533e+17,3.893467459777797e+17
1970-01-12 00:00:00.000044561,1.4883340297774486e+17,-1.3821756965431957e+17,4.403911276259048e+17
1970-01-13 00:00:00.000044561,1.6236371233934886e+17,-1.6619880695251763e+17,4.939363603497093e+17
1970-01-14 00:00:00.000044561,1.7589402170095283e+17,-1.9086172143760176e+17,5.534339827762267e+17
1970-01-15 00:00:00.000044561,1.8942433106255683e+17,-2.2217283424300467e+17,6.064186952600152e+17
1970-01-16 00:00:00.000044561,2.029546404241608e+17,-2.5264010757481334e+17,6.620589843842209e+17
1970-01-17 00:00:00.000044561,2.164849497857648e+17,-2.8064741687787277e+17,7.294305200209069e+17
1970-01-18 00:00:00.000044561,2.3001525914736877e+17,-3.12728583471276e+17,7.95451165747545e+17
1970-01-19 00:00:00.000044561,2.4354556850897277e+17,-3.453337031692662e+17,8.54901363676903e+17
1970-01-20 00:00:00.000044561,2.5707587787057677e+17,-3.802007515912493e+17,9.175570656010028e+17
1970-01-21 00:00:00.000044561,2.7060618723218074e+17,-4.220474314230494e+17,9.896167713207258e+17
1970-01-22 00:00:00.000044561,2.8413649659378474e+17,-4.734985152764042e+17,1.0621139223179574e+18
1970-01-23 00:00:00.000044561,2.976668059553887e+17,-5.054321118080955e+17,1.1213084902628305e+18
1970-01-24 00:00:00.000044561,3.111971153169927e+17,-5.486632246807994e+17,1.1884323478804114e+18
1970-01-25 00:00:00.000044561,3.247274246785967e+17,-5.868956046376648e+17,1.258192621948511e+18
1970-01-26 00:00:00.000044561,3.3825773404020064e+17,-6.30203913406361e+17,1.3320349823406241e+18
1970-01-27 00:00:00.000044561,3.517880434018046e+17,-6.746816868710392e+17,1.4072743379271396e+18
1970-01-28 00:00:00.000044561,3.6531835276340864e+17,-7.162116040011265e+17,1.4760992917824865e+18
1970-01-29 00:00:00.000044561,3.788486621250126e+17,-7.615294987669482e+17,1.5525470868777126e+18
1970-01-30 00:00:00.000044561,3.923789714866166e+17,-7.999598973757559e+17,1.6257529328271667e+18
1970-01-31 00:00:00.000044561,4.0590928084822054e+17,-8.461229844089676e+17,1.6954634457821788e+18
1970-02-01 00:00:00.000044561,4.194395902098246e+17,-8.901110987630423e+17,1.7787619203946573e+18
1970-02-02 00:00:00.000044561,4.3296989957142854e+17,-9.544438676052942e+17,1.8412585431974067e+18
1970-02-03 00:00:00.000044561,4.465002089330325e+17,-1.020036952425477e+18,1.9170553167923855e+18
1970-02-04 00:00:00.000044561,4.6003051829463654e+17,-1.071019448514223e+18,1.992038841473139e+18
1970-02-05 00:00:00.000044561,4.735608276562406e+17,-1.125297591637624e+18,2.0630890123871534e+18
1970-02-06 00:00:00.000044561,4.870911370178445e+17,-1.1945527684205217e+18,2.1362551043723978e+18
1970-02-07 00:00:00.000044561,5.006214463794485e+17,-1.2547024283621962e+18,2.2168383270814257e+18
1970-02-08 00:00:00.000044561,5.1415175574105254e+17,-1.3031623034991276e+18,2.3040567458252498e+18
1970-02-09 00:00:00.000044561,5.2768206510265645e+17,-1.3428016524706967e+18,2.4009723843718313e+18
1970-02-10 00:00:00.000044561,5.412123744642605e+17,-1.3722349139078592e+18,2.461696852490133e+18
1970-02-11 00:00:00.000044561,5.547426838258644e+17,-1.4270338074112968e+18,2.5505248180221604e+18
1970-02-12 00:00:00.000044561,5.682729931874684e+17,-1.4941279231592387e+18,2.6541057796356966e+18
1970-02-13 00:00:00.000044561,5.818033025490724e+17,-1.5642348350699935e+18,2.743982624744207e+18
1970-02-14 00:00:00.000044561,5.953336119106764e+17,-1.61256023808084e+18,2.8358222293533885e+18
1970-02-15 00:00:00.000044561,6.088639212722804e+17,-1.6849189808521874e+18,2.925070370718184e+18
1970-02-16 00:00:00.000044561,6.223942306338844e+17,-1.7400598646285064e+18,2.995400866329848e+18
1970-02-17 00:00:00.000044561,6.359245399954884e+17,-1.7922225291318638e+18,3.1078698548042834e+18
1970-02-18 00:00:00.000044561,6.494548493570924e+17,-1.8405187247440927e+18,3.218481412015267e+18
1970-02-19 00:00:00.000044561,6.629851587186964e+17,-1.909961548250663e+18,3.3328337240041093e+18
1970-02-20 00:00:00.000044561,6.765154680803003e+17,-1.993611872829277e+18,3.4286027512063524e+18
1970-02-21 00:00:00.000044561,6.900457774419044e+17,-2.0847935650943465e+18,3.5224071965964626e+18
1970-02-22 00:00:00.000044561,7.035760868035082e+17,-2.1414843144763855e+18,3.615335842453539e+18
1970-02-23 00:00:00.000044561,7.171063961651123e+17,-2.231665026418025e+18,3.738654634137691e+18
1970-02-24 00:00:00.000044561,7.306367055267163e+17,-2.2810986978654956e+18,3.874286466062491e+18
1970-02-25 00:00:00.000044561,7.441670148883203e+17,-2.380008059474242e+18,3.9857654335257677e+18
1970-02-26 00:00:00.000044561,7.576973242499242e+17,-2.429581899555506e+18,4.0552318144037765e+18
1970-02-27 00:00:00.000044561,7.712276336115283e+17,-2.4692218434856924e+18,4.1737936760127724e+18
1970-02-28 00:00:00.000044561,7.847579429731322e+17,-2.5583538026387077e+18,4.262101693473078e+18
1970-03-01 00:00:00.000044561,7.982882523347363e+17,-2.6333369714769787e+18,4.3872192734761897e+18
1970-03-02 00:00:00.000044561,8.118185616963401e+17,-2.691758801441279e+18,4.5119707136924524e+18
1970-03-03 00:00:00.000044561,8.253488710579442e+17,-2.75794051275016e+18,4.620204277184247e+18
1970-03-04 00:00:00.000044561,8.388791804195482e+17,-2.834799117209717e+18,4.752028517231865e+18
1970-03-05 00:00:00.000044561,8.524094897811523e+17,-2.934437344178608e+18,4.886827361739184e+18
1970-03-06 00:00:00.000044561,8.659397991427561e+17,-3.019949007541482e+18,4.979363390118608e+18
1970-03-07 00:00:00.000044561,8.794701085043602e+17,-3.0683250969761864e+18,5.09193741807696e+18
1970-03-08 00:00:00.000044561,8.93000417865964e+17,-3.1583342107829514e+18,5.21673344985851e+18
1970-03-09 00:00:00.000044561,9.065307272275681e+17,-3.2337858666985114e+18,5.304585469970669e+18
1970-03-10 00:00:00.000044561,9.20061036589172e+17,-3.349892749026796e+18,5.378184679588282e+18
1970-03-11 00:00:00.000044561,9.33591345950776e+17,-3.4510218967639654e+18,5.513748415724805e+18
1970-03-12 00:00:00.000044561,9.4712165531238e+17,-3.561193433423948e+18,5.648692057701709e+18
1970-03-13 00:00:00.000044561,9.606519646739841e+17,-3.653646773948394e+18,5.785863315263661e+18
1970-03-14 00:00:00.000044561,9.741822740355881e+17,-3.747282501393193e+18,5.869886664653859e+18
1970-03-15 00:00:00.000044561,9.87712583397192e+17,-3.8348316479391964e+18,5.950600108077586e+18
1970-03-16 00:00:00.000044561,1.0012428927587959e+18,-3.925419516877781e+18,6.055871853509363e+18
1970-03-17 00:00:00.000044561,1.0147732021204e+18,-4.0074312446582226e+18,6.148771693220624e+18
1970-03-18 00:00:00.000044561,1.028303511482004e+18,-4.085553707526438e+18,6.275199175375065e+18
1970-03-19 00:00:00.000044561,1.041833820843608e+18,-4.1814905442938583e+18,6.395236917366509e+18
1970-03-20 00:00:00.000044561,1.055364130205212e+18,-4.2388537020316457e+18,6.517752343852186e+18
1970-03-21 00:00:00.000044561,1.0688944395668159e+18,-4.3038905395680886e+18,6.614039438713303e+18
1970-03-22 00:00:00.000044561,1.0824247489284198e+18,-4.397536863298775e+18,6.710261960555486e+18
1970-03-23 00:00:00.000044561,1.095955058290024e+18,-4.4860637989305933e+18,6.793468930417357e+18
1970-03-24 00:00:00.000044561,1.1094853676516279e+18,-4.5767222355636076e+18,6.88598581715606e+18
1970-03-25 00:00:00.000044561,1.1230156770132319e+18,-4.64310902408678e+18,6.992552197001301e+18
1970-03-26 00:00:00.000044561,1.1365459863748357e+18,-4.694486933819529e+18,7.085500367387622e+18
1970-03-27 00:00:00.000044561,1.1500762957364399e+18,-4.800018587424896e+18,7.20629294592112e+18
1970-03-28 00:00:00.000044561,1.163606605098044e+18,-4.893109229333068e+18,7.313763645730232e+18
1970-03-29 00:00:00.000044561,1.1771369144596477e+18,-4.982020993148154e+18,7.425967205643741e+18
1970-03-30 00:00:00.000044561,1.1906672238212516e+18,-5.065518398642995e+18,7.523727587563612e+18
1970-03-31 00:00:00.000044561,1.204197533182856e+18,-5.163634522393165e+18,7.640168053556442e+18
1970-04-01 00:00:00.000044561,1.2177278425444598e+18,-5.21247092822867e+18,7.745558101419644e+18
1970-04-02 00:00:00.000044561,1.2312581519060636e+18,-5.326717132960815e+18,7.860400885877288e+18
1970-04-03 00:00:00.000044561,1.2447884612676677e+18,-5.442863639495892e+18,7.976473870824019e+18
1970-04-04 00:00:00.000044561,1.2583187706292718e+18,-5.616009569559876e+18,8.085483010171209e+18
1970-04-05 00:00:00.000044561,1.2718490799908756e+18,-5.748646133347787e+18,8.159133506292736e+18
1970-04-06 00:00:00.000044561,1.2853793893524795e+18,-5.854359730632079e+18,8.280925014027527e+18
1970-04-07 00:00:00.000044561,1.2989096987140836e+18,-5.898282095644524e+18,8.410203907803824e+18
1970-04-08 00:00:00.000044561,1.3124400080756877e+18,-5.982446916694073e+18,8.541795737028053e+18
1970-04-09 00:00:00.000044561,1.3259703174372918e+18,-6.063873959161238e+18,8.649568371044759e+18
1970-04-10 00:00:00.000044561,1.3395006267988956e+18,-6.208491576802963e+18,8.760276100513378e+18
1970-04-11 00:00:00.000044561,1.3530309361604995e+18,-6.326750922913343e+18,8.918381532665634e+18
1970-04-12 00:00:00.000044561,1.3665612455221038e+18,-6.410913144459727e+18,9.033889746385604e+18
1970-04-13 00:00:00.000044561,1.3800915548837076e+18,-6.516441022040083e+18,9.14669025883465e+18
1970-04-14 00:00:00.000044561,1.3936218642453115e+18,-6.605538037976161e+18,9.242725570496604e+18
1970-04-15 00:00:00.000044561,1.4071521736069153e+18,-6.741102722431918e+18,9.38877566104034e+18
1970-04-16 00:00:00.000044561,1.4206824829685197e+18,-6.868025009306834e+18,9.542532884347404e+18
1970-04-17 00:00:00.000044561,1.4342127923301235e+18,-6.967279509242267e+18,9.656028084243905e+18
1970-04-18 00:00:00.000044561,1.4477431016917274e+18,-7.067565130108639e+18,9.82049245317598e+18
1970-04-19 00:00:00.000044561,1.4612734110533317e+18,-7.202807115801203e+18,9.976585042712451e+18
1970-04-20 00:00:00.000044561,1.4748037204149356e+18,-7.299504208797977e+18,1.0098238066655324e+19
1970-04-21 00:00:00.000044561,1.4883340297765396e+18,-7.412971137346544e+18,1.0192295844967023e+19
1970-04-22 00:00:00.000044561,1.5018643391381432e+18,-7.513823864800469e+18,1.0270102755959601e+19
1970-04-23 00:00:00.000044561,1.5153946484997476e+18,-7.643877862369406e+18,1.0392874959139512e+19
1970-04-24 00:00:00.000044561,1.5289249578613514e+18,-7.789841640632251e+18,1.0536808703584182e+19
1970-04-25 00:00:00.000044561,1.5424552672229555e+18,-7.924991748267947e+18,1.0687352585502341e+19
1970-04-26 00:00:00.000044561,1.5559855765845594e+18,-8.041741005411711e+18,1.078828453161145e+19
1970-04-27 00:00:00.000044561,1.5695158859461635e+18,-8.197362785313262e+18,1.0951381383137411e+19
1970-04-28 00:00:00.000044561,1.5830461953077676e+18,-8.320117957125959e+18,1.1118853884099592e+19
1970-04-29 00:00:00.000044561,1.5965765046693714e+18,-8.409216618718191e+18,1.1273265787809864e+19
1970-04-30 00:00:00.000044561,1.6101068140309752e+18,-8.49379178203187e+18,1.1406220118591533e+19
1970-05-01 00:00:00.000044561,1.6236371233925793e+18,-8.642331300860658e+18,1.158298584419198e+19
1970-05-02 00:00:00.000044561,1.6371674327541834e+18,-8.769521087036278e+18,1.1784335213562286e+19
1970-05-03 00:00:00.000044561,1.6506977421157873e+18,-8.858515653318412e+18,1.1916551388494623e+19
1970-05-04 00:00:00.000044561,1.664228051477391e+18,-8.948344464687614e+18,1.2060288768890245e+19
1970-05-05 00:00:00.000044561,1.6777583608389955e+18,-9.084928531465798e+18,1.217020071241928e+19
1970-05-06 00:00:00.000044561,1.6912886702005993e+18,-9.198503752093001e+18,1.231691627223375e+19
1970-05-07 00:00:00.000044561,1.7048189795622034e+18,-9.28791243959551e+18,1.2446984250290803e+19
1970-05-08 00:00:00.000044561,1.718349288923807e+18,-9.39229004438604e+18,1.2631052244105042e+19
1970-05-09 00:00:00.000044561,1.7318795982854113e+18,-9.482025590886349e+18,1.270217839888074e+19
1970-05-10 00:00:00.000044561,1.7454099076470152e+18,-9.59702996672449e+18,1.2890653795809411e+19
1970-05-11 00:00:00.000044561,1.7589402170086193e+18,-9.672140468545229e+18,1.3011981747692388e+19
1970-05-12 00:00:00.000044561,1.7724705263702234e+18,-9.764989084002107e+18,1.3133196468195903e+19
1970-05-13 00:00:00.000044561,1.7860008357318272e+18,-9.839961205483067e+18,1.325773303946364e+19
1970-05-14 00:00:00.000044561,1.7995311450934313e+18,-9.92634221389338e+18,1.3410759975534416e+19
1970-05-15 00:00:00.000044561,1.8130614544550351e+18,-1.0003906804582705e+19,1.3530074718788899e+19
1970-05-16 00:00:00.000044561,1.826591763816639e+18,-1.012704519130831e+19,1.3683254652406145e+19
1970-05-17 00:00:00.000044561,1.8401220731782428e+18,-1.0191777716296909e+19,1.3827503923963275e+19
1970-05-18 00:00:00.000044561,1.8536523825398472e+18,-1.0234359777624416e+19,1.3957938467677796e+19
1970-05-19 00:00:00.000044561,1.8671826919014513e+18,-1.0295293263996226e+19,1.414572154792503e+19
1970-05-20 00:00:00.000044561,1.880713001263055e+18,-1.0373942915602596e+19,1.4216625909490303e+19
1970-05-21 00:00:00.000044561,1.894243310624659e+18,-1.0450207102340766e+19,1.4345670641949454e+19
1970-05-22 00:00:00.000044561,1.9077736199862633e+18,-1.0531759597666404e+19,1.4460107516203952e+19
1970-05-23 00:00:00.000044561,1.9213039293478671e+18,-1.0680854099518644e+19,1.4544510980076038e+19
1970-05-24 00:00:00.000044561,1.934834238709471e+18,-1.0713388456327825e+19,1.4635706314746608e+19
1970-05-25 00:00:00.000044561,1.948364548071075e+18,-1.0862108227102781e+19,1.4879138063214035e+19
1970-05-26 00:00:00.000044561,1.961894857432679e+18,-1.1019044880278766e+19,1.503746888368471e+19
1970-05-27 00:00:00.000044561,1.975425166794283e+18,-1.1176679906162952e+19,1.530262609934999e+19
1970-05-28 00:00:00.000044561,1.9889554761558868e+18,-1.133666523880774e+19,1.5549034385020457e+19
1970-05-29 00:00:00.000044561,2.0024857855174907e+18,-1.1460134186259743e+19,1.5718594872621416e+19
1970-05-30 00:00:00.000044561,2.016016094879095e+18,-1.1665796477975833e+19,1.5841056628921895e+19
1970-05-31 00:00:00.000044561,2.029546404240699e+18,-1.177257268351064e+19,1.5955550644432038e+19
1970-06-01 00:00:00.000044561,2.043076713602303e+18,-1.1887017206789984e+19,1.6080085091517024e+19
1970-06-02 00:00:00.000044561,2.0566070229639073e+18,-1.1927239561618803e+19,1.6225437671521733e+19
1970-06-03 00:00:00.000044561,2.0701373323255107e+18,-1.1974928779264672e+19,1.6380321663752282e+19
1970-06-04 00:00:00.000044561,2.083667641687115e+18,-1.2058434902566992e+19,1.6534396804384743e+19
1970-06-05 00:00:00.000044561,2.0971979510487186e+18,-1.223449272250266e+19,1.6732077330661657e+19
1970-06-06 00:00:00.000044561,2.110728260410323e+18,-1.236458840697717e+19,1.6992285384346796e+19
1970-06-07 00:00:00.000044561,2.124258569771927e+18,-1.249111127351735e+19,1.7187924030691344e+19
1970-06-08 00:00:00.000044561,2.1377888791335306e+18,-1.262494406508966e+19,1.741777693584409e+19
1970-06-09 00:00:00.000044561,2.1513191884951347e+18,-1.2753621558069258e+19,1.7634528815916218e+19
1970-06-10 00:00:00.000044561,2.164849497856739e+18,-1.2878589535956615e+19,1.7839377278039648e+19
1970-06-11 00:00:00.000044561,2.178379807218343e+18,-1.3036890874767925e+19,1.8021994743507376e+19
1970-06-12 00:00:00.000044561,2.1919101165799468e+18,-1.3207473345592457e+19,1.8203239385358418e+19
1970-06-13 00:00:00.000044561,2.2054404259415506e+18,-1.3328171762338181e+19,1.8422592595717386e+19
1970-06-14 00:00:00.000044561,2.2189707353031547e+18,-1.3511070274465909e+19,1.855472501551793e+19
1970-06-15 00:00:00.000044561,2.232501044664759e+18,-1.3650320022358299e+19,1.8807193296506647e+19
1970-06-16 00:00:00.000044561,2.246031354026363e+18,-1.3772585039019289e+19,1.901250205365622e+19
1970-06-17 00:00:00.000044561,2.2595616633879665e+18,-1.3838051844660009e+19,1.9168379679435694e+19
1970-06-18 00:00:00.000044561,2.2730919727495708e+18,-1.3972913127115522e+19,1.9442472375094346e+19
1970-06-19 00:00:00.000044561,2.2866222821111747e+18,-1.4092452521341071e+19,1.958937402981709e+19
1970-06-20 00:00:00.000044561,2.3001525914727788e+18,-1.4228310004055083e+19,1.9808860472461353e+19
1970-06-21 00:00:00.000044561,2.313682900834383e+18,-1.4374362413190582e+19,1.99580087953119e+19
1970-06-22 00:00:00.000044561,2.3272132101959864e+18,-1.4502552549913289e+19,2.0056434345947628e+19
1970-06-23 00:00:00.000044561,2.3407435195575905e+18,-1.4617533828736537e+19,2.0161529452036325e+19
1970-06-24 00:00:00.000044561,2.3542738289191946e+18,-1.4737660803284607e+19,2.0276464184640516e+19
1970-06-25 00:00:00.000044561,2.3678041382807987e+18,-1.4883796619422806e+19,2.047497565402613e+19
1970-06-26 00:00:00.000044561,2.381334447642403e+18,-1.5057893121385091e+19,2.070553531520403e+19
1970-06-27 00:00:00.000044561,2.3948647570040064e+18,-1.5232469965566472e+19,2.0978531874334257e+19
1970-06-28 00:00:00.000044561,2.4083950663656105e+18,-1.5409123033330137e+19,2.1181125518446674e+19
1970-06-29 00:00:00.000044561,2.4219253757272146e+18,-1.557626837850908e+19,2.133265451542751e+19
1970-06-30 00:00:00.000044561,2.4354556850888187e+18,-1.5713446290905539e+19,2.1461443008943768e+19
1970-07-01 00:00:00.000044561,2.4489859944504223e+18,-1.5919524049419997e+19,2.156648160367993e+19
1970-07-02 00:00:00.000044561,2.4625163038120264e+18,-1.6121507767706333e+19,2.1658582117357208e+19
1970-07-03 00:00:00.000044561,2.4760466131736305e+18,-1.6247280832133392e+19,2.174898806374851e+19
1970-07-04 00:00:00.000044561,2.4895769225352346e+18,-1.6349506755556157e+19,2.1922392192987705e+19
1970-07-05 00:00:00.000044561,2.503107231896838e+18,-1.6442443366159751e+19,2.207276023809868e+19
1970-07-06 00:00:00.000044561,2.516637541258442e+18,-1.6533621881611403e+19,2.2248201992673382e+19
1970-07-07 00:00:00.000044561,2.530167850620047e+18,-1.6668622774869877e+19,2.2471676569348407e+19
1970-07-08 00:00:00.000044561,2.5436981599816504e+18,-1.6841045078860577e+19,2.260472805438905e+19
1970-07-09 00:00:00.000044561,2.5572284693432545e+18,-1.6978983294844891e+19,2.277054942742112e+19
1970-07-10 00:00:00.000044561,2.570758778704858e+18,-1.7037008477644149e+19,2.291462690112165e+19
1970-07-11 00:00:00.000044561,2.584289088066462e+18,-1.7169196700926046e+19,2.315210489584878e+19
1970-07-12 00:00:00.000044561,2.5978193974280663e+18,-1.732150849757494e+19,2.335526333859815e+19
1970-07-13 00:00:00.000044561,2.6113497067896704e+18,-1.7423730570764753e+19,2.36100556593441e+19
1970-07-14 00:00:00.000044561,2.624880016151274e+18,-1.751620320351901e+19,2.3849493311759462e+19
1970-07-15 00:00:00.000044561,2.6384103255128786e+18,-1.766931250988181e+19,2.4084074152721764e+19
1970-07-16 00:00:00.000044561,2.651940634874482e+18,-1.7866999281100634e+19,2.4319076643000152e+19
1970-07-17 00:00:00.000044561,2.6654709442360863e+18,-1.7933515790245806e+19,2.454103663860471e+19
1970-07-18 00:00:00.000044561,2.6790012535976904e+18,-1.8049464627053711e+19,2.469703099005171e+19
1970-07-19 00:00:00.000044561,2.692531562959294e+18,-1.8141987257514043e+19,2.4873370395709112e+19
1970-07-20 00:00:00.000044561,2.706061872320898e+18,-1.8228815078639464e+19,2.506757100429041e+19
1970-07-21 00:00:00.000044561,2.719592181682502e+18,-1.8458473144432914e+19,2.5264511306154316e+19
1970-07-22 00:00:00.000044561,2.733122491044106e+18,-1.8682990584661828e+19,2.5522996919433912e+19
1970-07-23 00:00:00.000044561,2.7466528004057103e+18,-1.883066702322477e+19,2.5692462704687325e+19
1970-07-24 00:00:00.000044561,2.760183109767314e+18,-1.887600383579774e+19,2.5912807535600693e+19
1970-07-25 00:00:00.000044561,2.773713419128918e+18,-1.9069047083287118e+19,2.6186004716737434e+19
1970-07-26 00:00:00.000044561,2.787243728490522e+18,-1.9134174372949803e+19,2.639631582499261e+19
1970-07-27 00:00:00.000044561,2.800774037852126e+18,-1.9160705761956696e+19,2.6637383888690934e+19
1970-07-28 00:00:00.000044561,2.8143043472137303e+18,-1.939154905971633e+19,2.683196810570655e+19
1970-07-29 00:00:00.000044561,2.8278346565753334e+18,-1.9491263062777147e+19,2.7013622132767252e+19
1970-07-30 00:00:00.000044561,2.8413649659369375e+18,-1.9595056817229545e+19,2.718495503779465e+19
1970-07-31 00:00:00.000044561,2.854895275298542e+18,-1.9704243269546557e+19,2.7361850695036027e+19
1970-08-01 00:00:00.000044561,2.8684255846601457e+18,-1.9827615260262355e+19,2.7571102982863225e+19
1970-08-02 00:00:00.000044561,2.88195589402175e+18,-2.008905302854664e+19,2.779128271466887e+19
1970-08-03 00:00:00.000044561,2.8954862033833533e+18,-2.022364428341003e+19,2.803771062697849e+19
1970-08-04 00:00:00.000044561,2.9090165127449574e+18,-2.032741783759006e+19,2.8290567055661883e+19
1970-08-05 00:00:00.000044561,2.922546822106562e+18,-2.0448418529483743e+19,2.8487579237048648e+19
1970-08-06 00:00:00.000044561,2.9360771314681656e+18,-2.0608961215195378e+19,2.870876294060487e+19
1970-08-07 00:00:00.000044561,2.9496074408297697e+18,-2.0813108886143246e+19,2.891573202060058e+19
1970-08-08 00:00:00.000044561,2.963137750191374e+18,-2.1013520185293013e+19,2.91900661980001e+19
1970-08-09 00:00:00.000044561,2.9766680595529774e+18,-2.1117403024237965e+19,2.9418734324063416e+19
1970-08-10 00:00:00.000044561,2.990198368914582e+18,-2.1237134501270147e+19,2.964564710154164e+19
1970-08-11 00:00:00.000044561,3.003728678276186e+18,-2.1447017646598156e+19,2.985140132779464e+19
1970-08-12 00:00:00.000044561,3.017258987637789e+18,-2.1667223801268986e+19,2.993541198724722e+19
1970-08-13 00:00:00.000044561,3.030789296999394e+18,-2.1812098986479976e+19,3.0048883432469594e+19
1970-08-14 00:00:00.000044561,3.0443196063609974e+18,-2.1985178579535786e+19,3.022881831805467e+19
1970-08-15 00:00:00.000044561,3.0578499157226015e+18,-2.2119156820240347e+19,3.039906469590365e+19
1970-08-16 00:00:00.000044561,3.071380225084206e+18,-2.2300775990999208e+19,3.056645529155092e+19
1970-08-17 00:00:00.000044561,3.084910534445809e+18,-2.248699556599236e+19,3.072730278764538e+19
1970-08-18 00:00:00.000044561,3.098440843807414e+18,-2.2715695427522245e+19,3.0746098361495118e+19
1970-08-19 00:00:00.000044561,3.111971153169018e+18,-2.286403461934864e+19,3.098538213607341e+19
1970-08-20 00:00:00.000044561,3.1255014625306214e+18,-2.3004239176267702e+19,3.1175856272115163e+19
1970-08-21 00:00:00.000044561,3.1390317718922255e+18,-2.314825902484586e+19,3.1396894637213872e+19
1970-08-22 00:00:00.000044561,3.152562081253829e+18,-2.338455960864848e+19,3.1553949880684577e+19
1970-08-23 00:00:00.000044561,3.166092390615433e+18,-2.354820632156712e+19,3.174507518618302e+19
1970-08-24 00:00:00.000044561,3.179622699977038e+18,-2.37790517504388e+19,3.190876772392025e+19
1970-08-25 00:00:00.000044561,3.1931530093386414e+18,-2.401622639950414e+19,3.2202500275892797e+19
1970-08-26 00:00:00.000044561,3.2066833187002455e+18,-2.428124337481985e+19,3.2463185896435393e+19
1970-08-27 00:00:00.000044561,3.2202136280618496e+18,-2.4550292985406636e+19,3.2712798322473034e+19
1970-08-28 00:00:00.000044561,3.233743937423453e+18,-2.454271473534304e+19,3.308687064252034e+19
1970-08-29 00:00:00.000044561,3.247274246785058e+18,-2.4704534489086415e+19,3.3377143305220813e+19
1970-08-30 00:00:00.000044561,3.260804556146661e+18,-2.486300537646583e+19,3.3505493047288877e+19
1970-08-31 00:00:00.000044561,3.2743348655082655e+18,-2.5022357876412846e+19,3.3714152167957414e+19
1970-09-01 00:00:00.000044561,3.2878651748698696e+18,-2.5182553584384328e+19,3.397989343510226e+19
1970-09-02 00:00:00.000044561,3.301395484231473e+18,-2.5280578856518574e+19,3.424350628434714e+19
1970-09-03 00:00:00.000044561,3.314925793593077e+18,-2.548309611626217e+19,3.4443062717065077e+19
1970-09-04 00:00:00.000044561,3.3284561029546813e+18,-2.5602436138227294e+19,3.4627596599038087e+19
1970-09-05 00:00:00.000044561,3.341986412316285e+18,-2.5758730431255347e+19,3.4801935784072167e+19
1970-09-06 00:00:00.000044561,3.3555167216778895e+18,-2.589688376600074e+19,3.4966712195546014e+19
1970-09-07 00:00:00.000044561,3.3690470310394936e+18,-2.6059351028450468e+19,3.5054108198671397e+19
1970-09-08 00:00:00.000044561,3.382577340401097e+18,-2.627694464732433e+19,3.5120785466618274e+19
1970-09-09 00:00:00.000044561,3.3961076497627013e+18,-2.6424322702604268e+19,3.5230981592010904e+19
1970-09-10 00:00:00.000044561,3.409637959124305e+18,-2.6613830508231676e+19,3.53712681640341e+19
1970-09-11 00:00:00.000044561,3.4231682684859095e+18,-2.68145571317911e+19,3.549666911369764e+19
1970-09-12 00:00:00.000044561,3.4366985778475136e+18,-2.703714481275268e+19,3.5708771230484124e+19
1970-09-13 00:00:00.000044561,3.4502288872091167e+18,-2.7269826526430994e+19,3.5803804734524002e+19
1970-09-14 00:00:00.000044561,3.4637591965707213e+18,-2.7494833533121946e+19,3.591082532573032e+19
1970-09-15 00:00:00.000044561,3.4772895059323254e+18,-2.771360695872022e+19,3.607770623425226e+19
1970-09-16 00:00:00.000044561,3.490819815293929e+18,-2.793151969830739e+19,3.62648019196441e+19
1970-09-17 00:00:00.000044561,3.5043501246555336e+18,-2.814710050789165e+19,3.6481728636947395e+19
1970-09-18 00:00:00.000044561,3.5178804340171366e+18,-2.8358301280528028e+19,3.672451709983476e+19
1970-09-19 00:00:00.000044561,3.531410743378741e+18,-2.8570110163187188e+19,3.6952259936964395e+19
1970-09-20 00:00:00.000044561,3.5449410527403453e+18,-2.8781164214933266e+19,3.700136857724956e+19
1970-09-21 00:00:00.000044561,3.558471362101949e+18,-2.898815439603366e+19,3.708817201455125e+19
1970-09-22 00:00:00.000044561,3.572001671463553e+18,-2.919247966159119e+19,3.724840779041601e+19
1970-09-23 00:00:00.000044561,3.585531980825157e+18,-2.940222950496197e+19,3.739365942434505e+19
1970-09-24 00:00:00.000044561,3.5990622901867607e+18,-2.9600888554367975e+19,3.752791084749178e+19
1970-09-25 00:00:00.000044561,3.6125925995483653e+18,-2.980015495920979e+19,3.7666878299427774e+19
1970-09-26 00:00:00.000044561,3.626122908909969e+18,-3.001137764250223e+19,3.787483244729589e+19
1970-09-27 00:00:00.000044561,3.639653218271573e+18,-3.0110829395853337e+19,3.813872402497755e+19
1970-09-28 00:00:00.000044561,3.6531835276331776e+18,-3.0194941382585713e+19,3.843519477280589e+19
1970-09-29 00:00:00.000044561,3.6667138369947817e+18,-3.0280807958467514e+19,3.870769191937675e+19
1970-09-30 00:00:00.000044561,3.6802441463563853e+18,-3.0427974563918836e+19,3.898812170528948e+19
1970-10-01 00:00:00.000044561,3.6937744557179894e+18,-3.0730810937036997e+19,3.9252550854999155e+19
1970-10-02 00:00:00.000044561,3.7073047650795935e+18,-3.103565266360886e+19,3.938010160687642e+19
1970-10-03 00:00:00.000044561,3.720835074441197e+18,-3.1335108208369033e+19,3.962335068876344e+19
1970-10-04 00:00:00.000044561,3.734365383802801e+18,-3.1630474265613595e+19,3.9877058591118475e+19
1970-10-05 00:00:00.000044561,3.747895693164405e+18,-3.1920098744926327e+19,4.012862766555738e+19
1970-10-06 00:00:00.000044561,3.761426002526009e+18,-3.2084603179689652e+19,4.0366706291985646e+19
1970-10-07 00:00:00.000044561,3.774956311887613e+18,-3.2241693143544e+19,4.059362684739946e+19
1970-10-08 00:00:00.000044561,3.788486621249217e+18,-3.2403029113602585e+19,4.082723602636507e+19
1970-10-09 00:00:00.000044561,3.8020169306108216e+18,-3.2558372078948237e+19,4.106746431602774e+19
1970-10-10 00:00:00.000044561,3.8155472399724247e+18,-3.2649195631243338e+19,4.1313161552412885e+19
1970-10-11 00:00:00.000044561,3.8290775493340293e+18,-3.272758595646036e+19,4.155281059931884e+19
1970-10-12 00:00:00.000044561,3.8426078586956334e+18,-3.2820619655433347e+19,4.1779920277291565e+19
1970-10-13 00:00:00.000044561,3.8561381680572375e+18,-3.2928049396892934e+19,4.201165260453871e+19
1970-10-14 00:00:00.000044561,3.869668477418841e+18,-3.3049589224168165e+19,4.219827468669523e+19
1970-10-15 00:00:00.000044561,3.883198786780445e+18,-3.3181064937604657e+19,4.225185600989508e+19
1970-10-16 00:00:00.000044561,3.8967290961420493e+18,-3.329945179026883e+19,4.2308797098851836e+19
1970-10-17 00:00:00.000044561,3.910259405503653e+18,-3.3415850528064918e+19,4.2591656923432935e+19
1970-10-18 00:00:00.000044561,3.923789714865257e+18,-3.3541179558436413e+19,4.29478019983049e+19
1970-10-19 00:00:00.000044561,3.937320024226861e+18,-3.366190848578854e+19,4.330692613231051e+19
1970-10-20 00:00:00.000044561,3.9508503335884646e+18,-3.3869674049033507e+19,4.367102643811166e+19
1970-10-21 00:00:00.000044561,3.9643806429500687e+18,-3.4084574372275765e+19,4.38007594452618e+19
1970-10-22 00:00:00.000044561,3.9779109523116733e+18,-3.4298058323706745e+19,4.388049441985521e+19
1970-10-23 00:00:00.000044561,3.9914412616732774e+18,-3.450278562428114e+19,4.397188609071218e+19
1970-10-24 00:00:00.000044561,4.004971571034881e+18,-3.4553415336532275e+19,4.433798103447006e+19
1970-10-25 00:00:00.000044561,4.018501880396485e+18,-3.464067220211929e+19,4.4706048096050905e+19
1970-10-26 00:00:00.000044561,4.032032189758089e+18,-3.4845737463142298e+19,4.505478149278392e+19
1970-10-27 00:00:00.000044561,4.045562499119693e+18,-3.503406811302761e+19,4.528512197830693e+19
1970-10-28 00:00:00.000044561,4.059092808481297e+18,-3.5277410441959694e+19,4.549530644148974e+19
1970-10-29 00:00:00.000044561,4.072623117842901e+18,-3.5486790897724314e+19,4.570729044564344e+19
1970-10-30 00:00:00.000044561,4.0861534272045056e+18,-3.565739069709011e+19,4.591201406385763e+19
1970-10-31 00:00:00.000044561,4.0996837365661087e+18,-3.572254417988645e+19,4.606771242916767e+19
1970-11-01 00:00:00.000044561,4.113214045927713e+18,-3.587962134426249e+19,4.632148807236056e+19
1970-11-02 00:00:00.000044561,4.1267443552893164e+18,-3.6268518848511242e+19,4.658724556122609e+19
1970-11-03 00:00:00.000044561,4.1402746646509204e+18,-3.6512847038391976e+19,4.679921262915066e+19
1970-11-04 00:00:00.000044561,4.153804974012525e+18,-3.6759633761970192e+19,4.6969124592772415e+19
1970-11-05 00:00:00.000044561,4.167335283374129e+18,-3.697742651870313e+19,4.707289991910023e+19
1970-11-06 00:00:00.000044561,4.180865592735733e+18,-3.718374669702994e+19,4.717069819150857e+19
1970-11-07 00:00:00.000044561,4.194395902097337e+18,-3.738284633978435e+19,4.735793053296466e+19
1970-11-08 00:00:00.000044561,4.207926211458941e+18,-3.751981562046088e+19,4.763733827851065e+19
1970-11-09 00:00:00.000044561,4.2214565208205445e+18,-3.759054853359403e+19,4.776368646480993e+19
1970-11-10 00:00:00.000044561,4.2349868301821486e+18,-3.769828382700441e+19,4.788190990507076e+19
1970-11-11 00:00:00.000044561,4.2485171395437527e+18,-3.793869430631129e+19,4.80004773581679e+19
1970-11-12 00:00:00.000044561,4.262047448905357e+18,-3.812719136311424e+19,4.812419801794262e+19
1970-11-13 00:00:00.000044561,4.2755777582669604e+18,-3.815183669167368e+19,4.82712757782743e+19
1970-11-14 00:00:00.000044561,4.2891080676285645e+18,-3.8169560933496996e+19,4.847275068910919e+19
1970-11-15 00:00:00.000044561,4.302638376990169e+18,-3.818927817189997e+19,4.8663476525716636e+19
1970-11-16 00:00:00.000044561,4.316168686351773e+18,-3.820897920461452e+19,4.893000965940559e+19
1970-11-17 00:00:00.000044561,4.3296989957133773e+18,-3.851005912389046e+19,4.918288007069051e+19
1970-11-18 00:00:00.000044561,4.34322930507498e+18,-3.884763881186887e+19,4.9433675712649585e+19
1970-11-19 00:00:00.000044561,4.356759614436584e+18,-3.918432757691461e+19,4.967804233875719e+19
1970-11-20 00:00:00.000044561,4.3702899237981885e+18,-3.938364624700545e+19,4.993869790147233e+19
1970-11-21 00:00:00.000044561,4.3838202331597926e+18,-3.954467374776392e+19,5.019673542526137e+19
1970-11-22 00:00:00.000044561,4.3973505425213967e+18,-3.9679988175326675e+19,5.04383311025214e+19
1970-11-23 00:00:00.000044561,4.4108808518830003e+18,-3.980397374288025e+19,5.067871965158108e+19
1970-11-24 00:00:00.000044561,4.4244111612446044e+18,-4.001112597756301e+19,5.093521627918556e+19
1970-11-25 00:00:00.000044561,4.4379414706062085e+18,-4.020836520656103e+19,5.122713694335409e+19
1970-11-26 00:00:00.000044561,4.451471779967813e+18,-4.046633646631263e+19,5.151939356202958e+19
1970-11-27 00:00:00.000044561,4.465002089329416e+18,-4.077397965390673e+19,5.1801276558982324e+19
1970-11-28 00:00:00.000044561,4.478532398691021e+18,-4.108490943313553e+19,5.206763914745958e+19
1970-11-29 00:00:00.000044561,4.492062708052624e+18,-4.136914360915026e+19,5.2344429021660955e+19
1970-11-30 00:00:00.000044561,4.505593017414228e+18,-4.164810448701913e+19,5.262910413235307e+19
1970-12-01 00:00:00.000044561,4.5191233267758326e+18,-4.193044543241703e+19,5.293066204662589e+19
1970-12-02 00:00:00.000044561,4.5326536361374367e+18,-4.2217869009682055e+19,5.324647380266503e+19
1970-12-03 00:00:00.000044561,4.546183945499041e+18,-4.250901364126411e+19,5.35345523725498e+19
1970-12-04 00:00:00.000044561,4.5597142548606444e+18,-4.280060037622989e+19,5.378098774991576e+19
1970-12-05 00:00:00.000044561,4.5732445642222484e+18,-4.2994872602430276e+19,5.40657595734202e+19
1970-12-06 00:00:00.000044561,4.586774873583852e+18,-4.3062135546990756e+19,5.447690496037806e+19
1970-12-07 00:00:00.000044561,4.600305182945456e+18,-4.311989214103405e+19,5.476381293605575e+19
1970-12-08 00:00:00.000044561,4.613835492307061e+18,-4.317625597741395e+19,5.489332632324571e+19
1970-12-09 00:00:00.000044561,4.627365801668664e+18,-4.323243835347693e+19,5.509644195396047e+19
1970-12-10 00:00:00.000044561,4.640896111030268e+18,-4.32887374472972e+19,5.536154571381194e+19
1970-12-11 00:00:00.000044561,4.654426420391873e+18,-4.334234612215232e+19,5.563819777716676e+19
1970-12-12 00:00:00.000044561,4.667956729753476e+18,-4.3388998342698934e+19,5.5915162089531466e+19
1970-12-13 00:00:00.000044561,4.681487039115081e+18,-4.344626962902445e+19,5.616367300946793e+19
1970-12-14 00:00:00.000044561,4.695017348476685e+18,-4.372959086389365e+19,5.647866007098467e+19
1970-12-15 00:00:00.000044561,4.708547657838288e+18,-4.401043295808458e+19,5.659756093106533e+19
1970-12-16 00:00:00.000044561,4.722077967199891e+18,-4.4234546842442555e+19,5.670821236810098e+19
1970-12-17 00:00:00.000044561,4.735608276561496e+18,-4.453897919942579e+19,5.684391341306916e+19
1970-12-18 00:00:00.000044561,4.749138585923101e+18,-4.46949827002656e+19,5.697839917385966e+19
1970-12-19 00:00:00.000044561,4.762668895284704e+18,-4.484115319254354e+19,5.710726544026411e+19
1970-12-20 00:00:00.000044561,4.776199204646308e+18,-4.499316474710153e+19,5.723293956921431e+19
1970-12-21 00:00:00.000044561,4.789729514007912e+18,-4.514880318425398e+19,5.743968142799998e+19
1970-12-22 00:00:00.000044561,4.803259823369516e+18,-4.530938307611037e+19,5.756100361801554e+19
1970-12-23 00:00:00.000044561,4.816790132731121e+18,-4.5568389693766435e+19,5.783016084413685e+19
1970-12-24 00:00:00.000044561,4.830320442092725e+18,-4.5855288155545395e+19,5.794455184627819e+19
1970-12-25 00:00:00.000044561,4.843850751454328e+18,-4.613241262596453e+19,5.805596533976704e+19
1970-12-26 00:00:00.000044561,4.857381060815931e+18,-4.641634239753734e+19,5.817745737731092e+19
1970-12-27 00:00:00.000044561,4.870911370177536e+18,-4.670465288177861e+19,5.835726651851224e+19
1970-12-28 00:00:00.000044561,4.88444167953914e+18,-4.6989779570462474e+19,5.85348200174404e+19
1970-12-29 00:00:00.000044561,4.897971988900744e+18,-4.727340827764652e+19,5.870474012321582e+19
1970-12-30 00:00:00.000044561,4.911502298262349e+18,-4.754698070892145e+19,5.886813963704002e+19
1970-12-31 00:00:00.000044561,4.925032607623952e+18,-4.781941945751205e+19,5.902867722560044e+19
1971-01-01 00:00:00.000044561,4.938562916985556e+18,-4.809436459298028e+19,5.9185591199204565e+19
